t,abs_zeta,abs_prod,ratio,delta,score,smooth_abs_zeta,smooth_score
10.000000,1.561511190146e+00,1.040692544976e+00,6.664649933628e-01,-5.208186451693e-01,-8.514217278242e-01,8.816672212028e-01,-4.802100503986e-01
10.066778,1.561134061629e+00,1.054757875356e+00,6.756356813171e-01,-5.063761862730e-01,-8.375138009136e-01,1.076422193890e+00,-5.891731427899e-01
10.133556,1.558412834923e+00,1.057190276015e+00,6.783762635450e-01,-5.012225589071e-01,-8.317210738285e-01,1.240535181693e+00,-6.837826024416e-01
10.200334,1.554164444828e+00,1.046553108034e+00,6.733863404978e-01,-5.076113367933e-01,-8.363741235412e-01,1.363907174647e+00,-7.587229640766e-01
10.267112,1.549315210452e+00,1.024056797030e+00,6.609738225771e-01,-5.252584134228e-01,-8.518540762732e-01,1.446426351515e+00,-8.134039985485e-01
10.333890,1.544722094552e+00,9.935836655436e-01,6.432119208031e-01,-5.511384290080e-01,-8.761250477959e-01,1.495250425988e+00,-8.503647769065e-01
10.400668,1.541010641465e+00,9.613853293440e-01,6.238667686486e-01,-5.796253121212e-01,-9.042569070630e-01,1.520435337378e+00,-8.730533227156e-01
10.467446,1.538461983929e+00,9.352555458885e-01,6.079159288033e-01,-6.032064380401e-01,-9.285018872174e-01,1.531264310286e+00,-8.842644274897e-01
10.534224,1.536972355307e+00,9.228530261362e-01,6.004356701340e-01,-6.141193291707e-01,-9.399142486286e-01,1.534419960306e+00,-8.857481184536e-01
10.601002,1.536092136801e+00,9.292058038853e-01,6.049154094498e-01,-6.068863329153e-01,-9.319082676408e-01,1.533818756995e+00,-8.787074675958e-01
10.667780,1.535132513296e+00,9.544274716481e-01,6.217231824495e-01,-5.807050416479e-01,-9.038770347912e-01,1.531309756862e+00,-8.645610953787e-01
10.734558,1.533312865053e+00,9.932144878819e-01,6.477572258859e-01,-5.400983771711e-01,-8.616699700993e-01,1.527524386122e+00,-8.454513364901e-01
10.801336,1.529915596329e+00,1.036531754447e+00,6.775091102636e-01,-4.933838418818e-01,-8.145448475199e-01,1.522525795036e+00,-8.242763432061e-01
10.868114,1.524417562612e+00,1.074282145018e+00,7.047164578563e-01,-4.501354175942e-01,-7.715721554579e-01,1.516198573355e+00,-8.042853982463e-01
10.934891,1.516575688342e+00,1.097633076733e+00,7.237575316356e-01,-4.189426116090e-01,-7.397538005310e-01,1.508440439427e+00,-7.884123778807e-01
11.001669,1.506455066941e+00,1.100551124383e+00,7.305568871815e-01,-4.059039425577e-01,-7.237074295332e-01,1.499255572568e+00,-7.785698680883e-01
11.068447,1.494398284644e+00,1.080696682985e+00,7.231650986820e-01,-4.137016016593e-01,-7.258413712705e-01,1.488747399279e+00,-7.750657254837e-01
11.135225,1.480943972871e+00,1.039950595376e+00,7.022214306729e-01,-4.409933774951e-01,-7.461862003472e-01,1.477105995161e+00,-7.763369554306e-01
11.202003,1.466710535314e+00,9.847614563620e-01,6.714081835861e-01,-4.819490789522e-01,-7.814001679223e-01,1.464562495550e+00,-7.790922752540e-01
11.268781,1.452267210427e+00,9.262623777486e-01,6.378043731195e-01,-5.260048326788e-01,-8.228495965523e-01,1.451337564802e+00,-7.789161748963e-01
11.335559,1.438017860446e+00,8.794847714455e-01,6.115951655653e-01,-5.585330890007e-01,-8.549503890877e-01,1.437594411621e+00,-7.712624070273e-01
11.402337,1.424121369141e+00,8.600871512038e-01,6.039423112671e-01,-5.640342179371e-01,-8.578316372521e-01,1.423405543415e+00,-7.526227848040e-01
11.469115,1.410465252050e+00,8.777973198805e-01,6.223459377003e-01,-5.326679321691e-01,-8.181787868678e-01,1.408739377944e+00,-7.215512334466e-01
11.535893,1.396697048577e+00,9.305048579698e-01,6.662181028576e-01,-4.661921906072e-01,-7.402483784712e-01,1.393468624459e+00,-6.792232275748e-01
11.602671,1.382304576565e+00,1.005082373651e+00,7.271063054343e-01,-3.772222029138e-01,-6.424346766480e-01,1.377397889953e+00,-6.293393196565e-01
11.669449,1.366725410493e+00,1.083628886327e+00,7.928651051687e-01,-2.830965241658e-01,-5.445198461985e-01,1.360304180996e+00,-5.773859959236e-01
11.736227,1.349461008448e+00,1.149043868314e+00,8.514835635273e-01,-2.004171401336e-01,-4.604803417543e-01,1.341981612277e+00,-5.294468619212e-01
11.803005,1.330172258005e+00,1.187770571655e+00,8.929449283784e-01,-1.424016863498e-01,-3.985388215003e-01,1.322281122527e+00,-4.908359670989e-01
11.869783,1.308739166022e+00,1.190857265682e+00,9.099271242122e-01,-1.178819003397e-01,-3.634549710184e-01,1.301137354671e+00,-4.648071721695e-01
11.936561,1.285275557023e+00,1.154499554713e+00,8.982506112441e-01,-1.307760023099e-01,-3.582793091260e-01,1.278577720564e+00,-4.515504673370e-01
12.003339,1.260098064555e+00,1.080610301177e+00,8.575604800712e-01,-1.794877633785e-01,-3.848531186810e-01,1.254712410310e+00,-4.476835596702e-01
12.070117,1.233656420425e+00,9.778206362188e-01,7.926199061823e-01,-2.558357842066e-01,-4.423939426821e-01,1.229707961298e+00,-4.464691099490e-01
12.136895,1.206438627106e+00,8.634667817320e-01,7.157154639545e-01,-3.429718453743e-01,-5.221453239650e-01,1.203750225478e+00,-4.389335462605e-01
12.203673,1.178869473342e+00,7.664096067200e-01,6.501225318419e-01,-4.124598666216e-01,-5.951503291249e-01,1.177004557711e+00,-4.158363628666e-01
12.270451,1.151222956832e+00,7.249466856313e-01,6.297187537207e-01,-4.262762712012e-01,-6.033067999848e-01,1.149581426359e+00,-3.700705756954e-01
12.337229,1.123567230364e+00,7.658745677372e-01,6.816455188793e-01,-3.576926626267e-01,-4.997541742667e-01,1.121514363024e+00,-2.987612131338e-01
12.404007,1.095754105535e+00,8.786927963194e-01,8.019069167806e-01,-2.170613092157e-01,-3.122055488067e-01,1.092754496597e+00,-2.043225479692e-01
12.470785,1.067454993772e+00,1.027556003921e+00,9.626223212374e-01,-3.989898985070e-02,-1.033714387260e-01,1.063182421833e+00,-9.409503070547e-02
12.537563,1.038234243675e+00,1.177268088536e+00,1.133913753768e+00,1.390338448612e-01,8.815371997059e-02,1.032634573764e+00,2.125933838089e-02
12.604341,1.007642557431e+00,1.301298221403e+00,1.291428405646e+00,2.936556639727e-01,2.481353959388e-01,1.000938366699e+00,1.300099334581e-01
12.671119,9.753098550014e-01,1.380682788771e+00,1.415635022748e+00,4.053729337696e-01,3.725782682215e-01,9.679486998998e-01,2.216497750245e-01
12.737896,9.410188256709e-01,1.402619081251e+00,1.490532434621e+00,4.616002555801e-01,4.599255283690e-01,9.335783323357e-01,2.889243918412e-01
12.804674,9.047459255702e-01,1.360038108459e+00,1.503226563415e+00,4.552921828885e-01,5.077149601306e-01,8.978160499133e-01,3.295994030175e-01
12.871452,8.666636452543e-01,1.251698704773e+00,1.444272771366e+00,3.850350595190e-01,5.107102523607e-01,8.607291500649e-01,3.479371051432e-01
12.938230,8.271048867618e-01,1.082590752613e+00,1.308891737844e+00,2.554858658512e-01,4.590045414995e-01,8.224500000069e-01,3.554408527615e-01
13.005008,7.864965106837e-01,8.654031543220e-01,1.100326756148e+00,7.890664363825e-02,3.357741797417e-01,7.831496430690e-01,3.700097314066e-01
13.071786,7.452743156188e-01,6.272393991363e-01,8.416221866113e-01,-1.180349164825e-01,1.215788445627e-01,7.430040113749e-01,4.128008247966e-01
13.138564,7.037955751731e-01,4.403732629357e-01,6.257118948601e-01,-2.634223122374e-01,-1.175979045081e-01,7.021597551569e-01,5.030896845303e-01
13.205342,6.622669313570e-01,4.619344837314e-01,6.975049815411e-01,-2.003324476255e-01,5.184096142611e-02,6.607067292417e-01,6.527909905569e-01
13.272120,6.207036777543e-01,6.901424837694e-01,1.111871104528e+00,6.943880601516e-02,5.829457563240e-01,6.186629582047e-01,8.630319108555e-01
13.338898,5.789304415187e-01,9.806980806348e-01,1.693982575976e+00,4.017676391161e-01,1.073655254621e+00,5.759759100548e-01,1.124446751803e+00
13.405676,5.366237093576e-01,1.266169360415e+00,2.359510655858e+00,7.295456510574e-01,1.480912405876e+00,5.325397974069e-01,1.421181202483e+00
13.472454,4.933862123775e-01,1.515086584287e+00,3.070792304848e+00,1.021700371909e+00,1.828398627442e+00,4.882306384583e-01,1.736612422310e+00
13.539232,4.488354969876e-01,1.706209021076e+00,3.801412839509e+00,1.257373524089e+00,2.136471632294e+00,4.429595926909e-01,2.058370518853e+00
13.606010,4.026866419045e-01,1.823318359007e+00,4.527883891016e+00,1.420631717102e+00,2.419851281136e+00,3.967507137422e-01,2.380848866317e+00
13.672788,3.548121969417e-01,1.854897880078e+00,5.227830091711e+00,1.500085683137e+00,2.690162947749e+00,3.498531589886e-01,2.704610867001e+00
13.739566,3.052690352532e-01,1.794943882536e+00,5.879875373036e+00,1.489674847283e+00,2.958097375008e+00,3.028933333246e-01,3.032985605653e+00
13.806344,2.542892852781e-01,1.643739170751e+00,6.464052030165e+00,1.389449885473e+00,3.235539112029e+00,2.570485524558e-01,3.366658883924e+00
13.873122,2.022389388363e-01,1.408062398342e+00,6.962370384476e+00,1.205823459505e+00,3.538825403936e+00,2.141789959654e-01,3.697743161207e+00
13.939900,1.495524470561e-01,1.100617254470e+00,7.359406523502e+00,9.510648074142e-01,3.896087425340e+00,1.768112564372e-01,4.005835126559e+00
14.006678,9.665497140691e-02,7.387181912473e-01,7.642836995288e+00,6.420632198404e-01,4.370376506147e+00,1.478706907569e-01,4.259053281345e+00
14.073456,4.388897546544e-02,3.425042032739e-01,7.803877844985e+00,2.986152278084e-01,5.180712888555e+00,1.301484622372e-01,4.421585986866e+00
14.140234,8.704378503760e-03,6.822143790311e-02,7.837600108217e+00,5.951705939935e-02,6.802861782484e+00,1.256413774529e-01,4.465686438655e+00
14.207012,6.077626312768e-02,4.705969201326e-01,7.743103901336e+00,4.098206570049e-01,4.847358603382e+00,1.350238550228e-01,4.382485034652e+00
14.273790,1.128099786805e-01,8.487305703695e-01,7.523541625455e+00,7.359205916890e-01,4.200087468277e+00,1.574954702903e-01,4.185603903954e+00
14.340568,1.650564055112e-01,1.186093440804e+00,7.185988554217e+00,1.021037035293e+00,3.773601107817e+00,1.910761657058e-01,3.905406869361e+00
14.407346,2.179083304557e-01,1.468956337499e+00,6.741166500734e+00,1.251048007043e+00,3.431913788401e+00,2.331997197861e-01,3.577242849085e+00
14.474124,2.717340871203e-01,1.685575626820e+00,6.203033431258e+00,1.413841539699e+00,3.127969747257e+00,2.813332292172e-01,3.230036878071e+00
14.540902,3.267864170622e-01,1.826167117202e+00,5.588258941785e+00,1.499380700140e+00,2.839116259541e+00,3.333941559969e-01,2.880236669866e+00
14.607679,3.831386685793e-01,1.883361414806e+00,4.915612986258e+00,1.500222746227e+00,2.551774759646e+00,3.878884171065e-01,2.532244364880e+00
14.674457,4.406608813505e-01,1.853113387786e+00,4.205304954926e+00,1.412452506435e+00,2.255826488654e+00,4.438359518555e-01,2.183260538542e+00
14.741235,4.990389021322e-01,1.735820957127e+00,3.478327941390e+00,1.236782054995e+00,1.941622927793e+00,5.006082113745e-01,1.829581826658e+00
14.808013,5.578299680795e-01,1.537328511470e+00,2.755908788412e+00,9.794985433906e-01,1.597448336702e+00,5.577784371504e-01,1.472111733764e+00
14.874791,6.165417523787e-01,1.269655818369e+00,2.059318470274e+00,6.531140659899e-01,1.206004322196e+00,6.150292702296e-01,1.119674838470e+00
14.941569,6.747191858325e-01,9.520027559271e-01,1.410961442800e+00,2.772835700945e-01,7.377300420048e-01,6.721163542741e-01,7.891039366481e-01
15.008347,7.320235185297e-01,6.160570012518e-01,8.415808859382e-01,-1.159665172779e-01,1.394694875661e-01,7.288660510726e-01,5.015831161195e-01
15.075125,7.882899994101e-01,3.469671593355e-01,4.401516695571e-01,-4.413228400746e-01,-5.827466706568e-01,7.851841488996e-01,2.760253768328e-01
15.141903,8.435537202019e-01,3.936837944763e-01,4.666967675540e-01,-4.498699257255e-01,-5.919438604594e-01,8.410595714885e-01,1.219788013704e-01
15.208681,8.980376591301e-01,6.674966639815e-01,7.432835997413e-01,-2.305409951486e-01,-1.891343367233e-01,8.965558843454e-01,3.528079569414e-02
15.275459,9.521029685184e-01,9.509544015474e-01,9.987936525681e-01,-1.148566970990e-03,4.787501417662e-02,9.517876779061e-01,-1.262691210762e-03
15.342237,1.006168798649e+00,1.190291177208e+00,1.182993528328e+00,1.841223785586e-01,1.618982649217e-01,1.006886779999e+00,-1.265846261542e-02
15.409015,1.060616201555e+00,1.366593457656e+00,1.288490083079e+00,3.059772561012e-01,1.946209931516e-01,1.061963860772e+00,-2.454756752954e-02
15.475793,1.115695767969e+00,1.470753407184e+00,1.318238761326e+00,3.550576392153e-01,1.668183564952e-01,1.117073081412e+00,-5.716167264309e-02
15.542571,1.171459383416e+00,1.499405033106e+00,1.279946239991e+00,3.279456496896e-01,8.856776925694e-02,1.172187043202e+00,-1.221450180986e-01
15.609349,1.227731815567e+00,1.454172039639e+00,1.184437856216e+00,2.264402240716e-01,-3.590013555028e-02,1.227187408485e+00,-2.221179253801e-01
15.676127,1.284128826643e+00,1.341910647587e+00,1.044996903539e+00,5.778182094395e-02,-2.060666102193e-01,1.281873536339e+00,-3.518447818742e-01
15.742905,1.340117963588e+00,1.175680751434e+00,8.772964644745e-01,-1.644372121534e-01,-4.236679424796e-01,1.335987906295e+00,-5.000462069727e-01
15.809683,1.395109269396e+00,9.770552049722e-01,7.003431389967e-01,-4.180540644239e-01,-6.891576070020e-01,1.389253717052e+00,-6.516311027299e-01
15.876461,1.448557900455e+00,7.816893965898e-01,5.396328281694e-01,-6.668685038655e-01,-9.874348286555e-01,1.441417524885e+00,-7.905553692628e-01
15.943239,1.500059390842e+00,6.482907470943e-01,4.321767198366e-01,-8.517686437479e-01,-1.244425401909e+00,1.492288624319e+00,-9.032509489230e-01
16.010017,1.549420303466e+00,6.415354088123e-01,4.140486654119e-01,-9.078848946538e-01,-1.319652625974e+00,1.541767296542e+00,-9.818991005728e-01
16.076795,1.596691240120e+00,7.547651990890e-01,4.727057931579e-01,-8.419260410307e-01,-1.217215598902e+00,1.589855989376e+00,-1.026395548018e+00
16.143573,1.642154986658e+00,9.174423226085e-01,5.586819332296e-01,-7.247126640491e-01,-1.078184355725e+00,1.636650609580e+00,-1.044125036892e+00
16.210351,1.686269644434e+00,1.073652732862e+00,6.367028763199e-01,-6.126169115720e-01,-9.739709526735e-01,1.682312858628e+00,-1.047571516510e+00
16.277129,1.729574573583e+00,1.193837118667e+00,6.902489993210e-01,-5.357374549163e-01,-9.185783449519e-01,1.727028253880e+00,-1.050692279157e+00
16.343907,1.772574875053e+00,1.263779810196e+00,7.129627233144e-01,-5.087950648566e-01,-9.107593625581e-01,1.770957448732e+00,-1.065356151399e+00
16.410684,1.815626174262e+00,1.278406108514e+00,7.041130639316e-01,-5.372200657479e-01,-9.472467413551e-01,1.814190093087e+00,-1.098851244581e+00
16.477462,1.858843458923e+00,1.239407312964e+00,6.667626082306e-01,-6.194361459591e-01,-1.025275704168e+00,1.856710376026e+00,-1.152829988706e+00
16.544240,1.902054154760e+00,1.154693377381e+00,6.070770248532e-01,-7.473607773786e-01,-1.142034037903e+00,1.898381506531e+00,-1.223558546223e+00
16.611018,1.944806752937e+00,1.039030779469e+00,5.342591380354e-01,-9.057759734672e-01,-1.292036896829e+00,1.938953019938e+00,-1.303168327700e+00
16.677796,1.986434442208e+00,9.156331437834e-01,4.609430466608e-01,-1.070801298425e+00,-1.460822080723e+00,1.978090568507e+00,-1.381634559979e+00
16.744574,2.026161775352e+00,8.170269116283e-01,4.032387352122e-01,-1.209134863724e+00,-1.614369749634e+00,2.015423572367e+00,-1.449185615919e+00
16.811352,2.063234367063e+00,7.778703844765e-01,3.770150385697e-01,-1.285363982586e+00,-1.699745034836e+00,2.050602591537e+00,-1.498687476923e+00
16.878130,2.097048299399e+00,8.124558736962e-01,3.874283076498e-01,-1.284592425703e+00,-1.688755244094e+00,2.083356191897e+00,-1.527390256985e+00
16.944908,2.127256931758e+00,9.005769175404e-01,4.233512671158e-01,-1.226680014217e+00,-1.614386350125e+00,2.113536802437e+00,-1.537485439949e+00
17.011686,2.153836932224e+00,1.006303332051e+00,4.672142616722e-01,-1.147533600173e+00,-1.528218193332e+00,2.141146658456e+00,-1.535277149222e+00
17.078464,2.177101397640e+00,1.099484049288e+00,5.050219757700e-01,-1.077617348352e+00,-1.461147692220e+00,2.166338145365e+00,-1.529261926487e+00
17.145242,2.197655301529e+00,1.161134665571e+00,5.283515866945e-01,-1.036520635959e+00,-1.425384352980e+00,2.189387191392e+00,-1.527766008688e+00
17.212020,2.216297014859e+00,1.181926371344e+00,5.332887981259e-01,-1.034370643515e+00,-1.424529958302e+00,2.210643106481e+00,-1.536841518780e+00
17.278798,2.233878939921e+00,1.160319430198e+00,5.194191186737e-01,-1.073559509724e+00,-1.458783680628e+00,2.230462627565e+00,-1.558919386035e+00
17.345576,2.251149228600e+00,1.101567984515e+00,4.893358336799e-01,-1.149581244085e+00,-1.526147102874e+00,2.249139113173e+00,-1.592430725086e+00
17.412354,2.268602911114e+00,1.017584948595e+00,4.485513721285e-01,-1.251017962519e+00,-1.620896246313e+00,2.266839184003e+00,-1.632384583254e+00
17.479132,2.286371851823e+00,9.273599859552e-01,4.056033077978e-01,-1.359011865868e+00,-1.729345888402e+00,2.283558275170e+00,-1.671743508853e+00
17.545910,2.304177008429e+00,8.563263465163e-01,3.716408693359e-01,-1.447850661912e+00,-1.824550862481e+00,2.299103602812e+00,-1.703304056001e+00
17.612688,2.321354109326e+00,8.301323368618e-01,3.576069387805e-01,-1.491221772464e+00,-1.870471515346e+00,2.313108444461e+00,-1.721641365230e+00
17.679466,2.336948390386e+00,8.602516415730e-01,3.681089600061e-01,-1.476696748813e+00,-1.848222269275e+00,2.325076237352e+00,-1.724587347196e+00
17.746244,2.349860096806e+00,9.346116881979e-01,3.977307795763e-01,-1.415248408608e+00,-1.776335728917e+00,2.334447829732e+00,-1.713789887873e+00
17.813022,2.359013806450e+00,1.026756096471e+00,4.352480234171e-01,-1.332257709979e+00,-1.690082894682e+00,2.340681230622e+00,-1.694174312261e+00
17.879800,2.363522576139e+00,1.110371801366e+00,4.697953015451e-01,-1.253150774773e+00,-1.615611330976e+00,2.343331074749e+00,-1.672490330682e+00
17.946578,2.362821406044e+00,1.166018747027e+00,4.934857725787e-01,-1.196802659017e+00,-1.566117666171e+00,2.342115044773e+00,-1.655403383094e+00
18.013356,2.356751413349e+00,1.182258575848e+00,5.016475514354e-01,-1.174492837500e+00,-1.547141645641e+00,2.336956573282e+00,-1.647668442533e+00
18.080134,2.345584339636e+00,1.155397667514e+00,4.925841497107e-01,-1.190186672122e+00,-1.560624526811e+00,2.327996873673e+00,-1.650830631649e+00
18.146912,2.329984984693e+00,1.089349772387e+00,4.675351041073e-01,-1.240635212306e+00,-1.606142667292e+00,2.315574119522e+00,-1.662734470413e+00
18.213689,2.310915932152e+00,9.959814973424e-01,4.309899306527e-01,-1.314934434809e+00,-1.679314505276e+00,2.300172709487e+00,-1.677966132258e+00
18.280467,2.289495093478e+00,8.959585404578e-01,3.913345536358e-01,-1.393536553020e+00,-1.766523759006e+00,2.282350291850e+00,-1.689189071210e+00
18.347245,2.266823951464e+00,8.185865357357e-01,3.611160607364e-01,-1.448237415729e+00,-1.836935585892e+00,2.262653869686e+00,-1.689118304017e+00
18.414023,2.243812705622e+00,7.946302261270e-01,3.541428498626e-01,-1.449182479495e+00,-1.846231436219e+00,2.241538241114e+00,-1.672637405275e+00
18.480801,2.221033693596e+00,8.374817813714e-01,3.770684721200e-01,-1.383551912225e+00,-1.773301199625e+00,2.219299823747e+00,-1.638419957257e+00
18.547579,2.198632043914e+00,9.315192441273e-01,4.236812825075e-01,-1.267112799786e+00,-1.646609167358e+00,2.196036474106e+00,-1.589508168266e+00
18.614357,2.176311766754e+00,1.045682304000e+00,4.804836880332e-01,-1.130629462754e+00,-1.510593592944e+00,2.171639573739e+00,-1.532640506262e+00
18.681135,2.153399412103e+00,1.150672246581e+00,5.343515188654e-01,-1.002727165522e+00,-1.393749096952e+00,2.145819165142e+00,-1.476546090470e+00
18.747913,2.128970902471e+00,1.224594226995e+00,5.752047740875e-01,-9.043766754764e-01,-1.308667891326e+00,2.118157313208e+00,-1.429713656457e+00
18.814691,2.102015034255e+00,1.252898858203e+00,5.960465733049e-01,-8.491161760520e-01,-1.260332896627e+00,2.088180212302e+00,-1.398190136065e+00
18.881469,2.071602365261e+00,1.227897257815e+00,5.927282563516e-01,-8.437051074458e-01,-1.251341634695e+00,2.055436707201e+00,-1.383848513431e+00
18.948247,2.037030740695e+00,1.149060825950e+00,5.640861490178e-01,-8.879699147453e-01,-1.284041520955e+00,2.019570292960e+00,-1.383454256598e+00
19.015025,1.997926202390e+00,1.024314457747e+00,5.126888353143e-01,-9.736117446427e-01,-1.360195920488e+00,1.980373280409e+00,-1.388825145371e+00
19.081803,1.954287464540e+00,8.731221213651e-01,4.467726151898e-01,-1.081165343175e+00,-1.475731163383e+00,1.937815232096e+00,-1.388308247451e+00
19.148581,1.906471292917e+00,7.329658227541e-01,3.844620296551e-01,-1.173505470163e+00,-1.601164290159e+00,1.892042298629e+00,-1.369510252892e+00
19.215359,1.855124033140e+00,6.637748122423e-01,3.578061630299e-01,-1.191349220898e+00,-1.645715441316e+00,1.843348926776e+00,-1.322696969278e+00
19.282137,1.801071154160e+00,7.142709725476e-01,3.965812071876e-01,-1.086800181613e+00,-1.513256022374e+00,1.792127805863e+00,-1.243797165589e+00
19.348915,1.745182163945e+00,8.626416023085e-01,4.942988876063e-01,-8.825405616368e-01,-1.261473851266e+00,1.738807219802e+00,-1.135913705493e+00
19.415693,1.688232332062e+00,1.048915843098e+00,6.213101260876e-01,-6.393164889633e-01,-9.996069479996e-01,1.683786702781e+00,-1.008760670463e+00
19.482471,1.630784329199e+00,1.226519271594e+00,7.521039107587e-01,-4.042650576044e-01,-7.739418680223e-01,1.627381803702e+00,-8.763184349856e-01
19.549249,1.573110787256e+00,1.366141245023e+00,8.684329521419e-01,-2.069695422330e-01,-5.941199480339e-01,1.569786864898e+00,-7.536107661571e-01
19.616027,1.515172011877e+00,1.448886345665e+00,9.562520521148e-01,-6.628566621267e-02,-4.602627195505e-01,1.511061331708e+00,-6.535169775056e-01
19.682805,1.456652279011e+00,1.462614492035e+00,1.004093092848e+00,5.962213024653e-03,-3.720561043503e-01,1.451140827969e+00,-5.840640864041e-01
19.749583,1.397045852610e+00,1.400770695909e+00,1.002666228379e+00,3.724843299076e-03,-3.316972216363e-01,1.389869843515e+00,-5.462221736018e-01
19.816361,1.335773675118e+00,1.262461681135e+00,9.451164554683e-01,-7.331199398262e-02,-3.459577816930e-01,1.327049200661e+00,-5.323221391222e-01
19.883139,1.272306584741e+00,1.053379791348e+00,8.279292145311e-01,-2.189267933936e-01,-4.296590795638e-01,1.262489166210e+00,-5.257806607286e-01
19.949917,1.206271847481e+00,7.885679788849e-01,6.537232718575e-01,-4.177038685962e-01,-6.126056341953e-01,1.196058526068e+00,-5.032052922402e-01
20.016694,1.137525502519e+00,5.053469077125e-01,4.442510577506e-01,-6.321785948068e-01,-9.402207223584e-01,1.127721149070e+00,-4.394052816311e-01
20.083472,1.066181076795e+00,3.421190833237e-01,3.208827194271e-01,-7.240619934711e-01,-1.200762759632e+00,1.057554207476e+00,-3.142695570003e-01
20.150250,9.925933446564e-01,5.167340061750e-01,5.205898356631e-01,-4.758593384815e-01,-6.453585900745e-01,9.857457367960e-01,-1.188500025796e-01
20.217028,9.173026408803e-01,8.372451368824e-01,9.127250915564e-01,-8.005750399791e-02,-5.002720767263e-03,9.125744508352e-01,1.421996471101e-01
20.283806,8.409503935185e-01,1.161415444183e+00,1.381074856656e+00,3.204650506647e-01,4.960846834965e-01,8.383752404186e-01,4.532423315936e-01
20.350584,7.641801530083e-01,1.445824793862e+00,1.891994692836e+00,6.816446408540e-01,9.065833808165e-01,7.635038083525e-01,7.939297575429e-01
20.417362,6.875405441815e-01,1.667974575524e+00,2.426001767662e+00,9.804340313423e-01,1.260879016979e+00,6.883160739467e-01,1.146207203425e+00
20.484140,6.114069409916e-01,1.813422258405e+00,2.965982452642e+00,1.202015317413e+00,1.579200844499e+00,6.131869115600e-01,1.499108410951e+00
20.550918,5.359365343600e-01,1.873213710441e+00,3.495215553233e+00,1.337277176081e+00,1.875134579495e+00,5.385985209869e-01,1.849809963296e+00
20.617696,4.610661569902e-01,1.842993431403e+00,3.997242919398e+00,1.381927274413e+00,2.159818592024e+00,4.653224631916e-01,2.200901137902e+00
20.684474,3.865539159211e-01,1.722569761404e+00,4.456221216383e+00,1.336015845482e+00,2.444785068831e+00,3.946854294250e-01,2.554764156049e+00
20.751252,3.120560078968e-01,1.515786673228e+00,4.857418652005e+00,1.203730665331e+00,2.745079750037e+00,3.288395399147e-01,2.906707861482e+00
20.818030,2.372219687747e-01,1.230645910550e+00,5.187740060105e+00,9.934239417748e-01,3.085057160186e+00,2.708774453354e-01,3.239523476355e+00
20.884808,1.617881084330e-01,8.795163934292e-01,5.436223971884e+00,7.177282849962e-01,3.514552469566e+00,2.246060878096e-01,3.522849191320e+00
20.951586,8.565373352120e-02,4.791877816564e-01,5.594476293759e+00,3.935340481352e-01,4.179222199560e+00,1.938911571887e-01,3.719623070397e+00
21.018364,9.172120470845e-03,5.188682440812e-02,5.657015144208e+00,4.271470393728e-02,6.424483172872e+00,1.817056272054e-01,3.798303456987e+00
21.085142,6.832026911433e-02,3.840629498959e-01,5.621508153796e+00,3.157426807815e-01,4.410148773155e+00,1.892400108599e-01,3.745311544259e+00
21.151920,1.453257735256e-01,7.976771214738e-01,5.488889562548e+00,6.523513479482e-01,3.631503312269e+00,2.154836410167e-01,3.570834273108e+00
21.218698,2.217215142422e-01,1.166998057179e+00,5.263350564638e+00,9.452765429369e-01,3.167100938362e+00,2.574863795030e-01,3.304543146216e+00
21.285476,2.969410748240e-01,1.470512431655e+00,4.952202831915e+00,1.173571356831e+00,2.814054055268e+00,3.111718769552e-01,2.983843258659e+00
21.352254,3.704837947579e-01,1.691489039110e+00,4.565622202763e+00,1.321005244353e+00,2.511500377331e+00,3.723239583169e-01,2.641280817513e+00
21.419032,4.419709823624e-01,1.819279695566e+00,4.116287648212e+00,1.377308713204e+00,2.231462750730e+00,4.373582009720e-01,2.297078587744e+00
21.485810,5.111876389145e-01,1.849958056813e+00,3.618941296667e+00,1.338770417899e+00,1.957200080317e+00,5.036832730557e-01,1.958753142428e+00
21.552588,5.780957713439e-01,1.786265550618e+00,3.089912846907e+00,1.208169779274e+00,1.676158615296e+00,5.696866970142e-01,1.625882737961e+00
21.619366,6.428156871091e-01,1.637051931545e+00,2.546689454495e+00,9.942362444356e-01,1.376691503648e+00,6.345082042424e-01,1.296589719849e+00
21.686144,7.055776371933e-01,1.416598961099e+00,2.007715220021e+00,7.110213239061e-01,1.045735837185e+00,6.977643799081e-01,9.728911016494e-01
21.752922,7.666521099068e-01,1.144570992017e+00,1.492947031942e+00,3.779188821104e-01,6.664741933181e-01,7.593200120254e-01,6.632933349355e-01
21.819699,8.262720582117e-01,8.486297493638e-01,1.027058510487e+00,2.235769115216e-02,2.175300929561e-01,8.191329902469e-01,3.820096376537e-01
21.886477,8.845628266424e-01,5.777727246467e-01,6.531731915976e-01,-3.067901019958e-01,-3.032512231547e-01,8.771625033497e-01,1.450962934674e-01
21.953255,9.414943630660e-01,4.447229283682e-01,4.723585672037e-01,-4.967714346978e-01,-6.897299874384e-01,9.333215891153e-01,-3.509658118446e-02
22.020033,9.968654338086e-01,5.509380521963e-01,5.526704342545e-01,-4.459273816123e-01,-5.898539256367e-01,9.874590616112e-01,-1.548169678690e-01
22.086811,1.050322348288e+00,7.701520684744e-01,7.332530529598e-01,-2.801702798140e-01,-3.593615229580e-01,1.039363472700e+00,-2.209594404799e-01
22.153589,1.101407284362e+00,9.875494590259e-01,8.966251386271e-01,-1.138578253360e-01,-2.057061214797e-01,1.088780329688e+00,-2.491794612866e-01
22.220367,1.149625653994e+00,1.161136123032e+00,1.010012362719e+00,1.151046903852e-02,-1.294738000224e-01,1.135439474940e+00,-2.591479493569e-01
22.287145,1.194519105672e+00,1.274658206765e+00,1.067089007377e+00,8.013910109265e-02,-1.128092951700e-01,1.179086006562e+00,-2.691061229021e-01
22.353923,1.235730737311e+00,1.323473399011e+00,1.071004676870e+00,8.774266170063e-02,-1.430653269493e-01,1.219508681155e+00,-2.918522007669e-01
22.420701,1.273051268332e+00,1.311149284408e+00,1.029926537150e+00,3.809801607621e-02,-2.119291158522e-01,1.256560499789e+00,-3.331480266071e-01
22.487479,1.306438538980e+00,1.248321379174e+00,9.555148152236e-01,-5.811715980547e-02,-3.128097725935e-01,1.290167709960e+00,-3.922882986125e-01
22.554257,1.336007176362e+00,1.151920774514e+00,8.622115171942e-01,-1.840864018487e-01,-4.379401054722e-01,1.320325658844e+00,-4.639386301832e-01
22.621035,1.361990159985e+00,1.044086815990e+00,7.665891036990e-01,-3.179033439954e-01,-5.747513229601e-01,1.347082401606e+00,-5.403818841507e-01
22.687813,1.384678883002e+00,9.496183184369e-01,6.858040012699e-01,-4.350605645654e-01,-7.026316638436e-01,1.370513258817e+00,-6.136315317359e-01
22.754591,1.404352477699e+00,8.898448428914e-01,6.336335478609e-01,-5.145076348072e-01,-7.958608184579e-01,1.390691214422e+00,-6.771144430222e-01
22.821369,1.421209759657e+00,8.731030713748e-01,6.143379367063e-01,-5.481066882825e-01,-8.387185690623e-01,1.407658833132e+00,-7.267118647368e-01
22.888147,1.435317251938e+00,8.899819404242e-01,6.200593905094e-01,-5.453353115137e-01,-8.393259206530e-01,1.421407095244e+00,-7.610062042826e-01
22.954925,1.446583924007e+00,9.206578229624e-01,6.364358179871e-01,-5.259261010445e-01,-8.210765643316e-01,1.431865237380e+00,-7.807388923978e-01
23.021703,1.454767897580e+00,9.468277816431e-01,6.508445664892e-01,-5.079401159372e-01,-8.043307937701e-01,1.438903590955e+00,-7.877320160093e-01
23.088481,1.459513692444e+00,9.586517390097e-01,6.568295617730e-01,-5.008619534342e-01,-7.984340059343e-01,1.442348928120e+00,-7.837382620338e-01
23.155259,1.460412336981e+00,9.564906424303e-01,6.549456055728e-01,-5.039216945512e-01,-8.019219101589e-01,1.442009438945e+00,-7.696965889238e-01
23.222037,1.457072372004e+00,9.498907431951e-01,6.519173387995e-01,-5.071816288088e-01,-8.042667039860e-01,1.437704633530e+00,-7.456837602316e-01
23.288815,1.449188214669e+00,9.539247927004e-01,6.582476886332e-01,-4.952634219687e-01,-7.891775396979e-01,1.429294532172e+00,-7.115350629414e-01
23.355593,1.436593452817e+00,9.820038225713e-01,6.835641779141e-01,-4.545896302452e-01,-7.427093844613e-01,1.416702639261e+00,-6.678191425998e-01
23.422371,1.419289767685e+00,1.037569991531e+00,7.310487365972e-01,-3.817197761535e-01,-6.634317332105e-01,1.399928353595e+00,-6.167072985792e-01
23.489149,1.397446530615e+00,1.111020894696e+00,7.950364256205e-01,-2.864256359191e-01,-5.640140115617e-01,1.379046427625e+00,-5.623290728129e-01
23.555927,1.371370999432e+00,1.184069650475e+00,8.634203661631e-01,-1.873013489569e-01,-4.626645767666e-01,1.354193492839e+00,-5.103772100993e-01
23.622705,1.341453926151e+00,1.236513559645e+00,9.217711734560e-01,-1.049403665057e-01,-3.752123164707e-01,1.325544086845e+00,-4.669204670564e-01
23.689482,1.308099780821e+00,1.250949623476e+00,9.563105520058e-01,-5.715015734535e-02,-3.132481086441e-01,1.293280613597e+00,-4.365596652615e-01
23.756260,1.271654064674e+00,1.215096465337e+00,9.555243828425e-01,-5.655759933726e-02,-2.858134634110e-01,1.257562869837e+00,-4.202583964376e-01
23.823038,1.232341541365e+00,1.123007551904e+00,9.112794742439e-01,-1.093339894610e-01,-3.018217031587e-01,1.218502936702e+00,-4.134466468280e-01
23.889816,1.190227934221e+00,9.765155252649e-01,8.204441327485e-01,-2.137124089560e-01,-3.720542901907e-01,1.176150306458e+00,-4.052536454184e-01
23.956594,1.145213480388e+00,7.890720713849e-01,6.890174494955e-01,-3.561414090031e-01,-5.080797478421e-01,1.130490239587e+00,-3.797044800445e-01
24.023372,1.097060324861e+00,5.987661342105e-01,5.457914397608e-01,-4.982941906507e-01,-6.981525252085e-01,1.081455868805e+00,-3.191317350723e-01
24.090150,1.045448589459e+00,5.018888832485e-01,4.800703624348e-01,-5.435597062105e-01,-7.782686629329e-01,1.028951957612e+00,-2.089697348740e-01
24.156928,9.900499737725e-01,6.074464795717e-01,6.135513314111e-01,-3.826034942009e-01,-4.784914899801e-01,9.728863842971e-01,-4.210050449418e-02
24.223706,9.306044720242e-01,8.538926761715e-01,9.175677764735e-01,-7.671179585269e-02,-1.410789691066e-02,9.132048000402e-01,1.791859208941e-01
24.290484,8.669857895476e-01,1.136532013344e+00,1.310900394269e+00,2.695462237961e-01,4.134469176916e-01,8.499225655730e-01,4.446435360844e-01
24.357262,7.992438501298e-01,1.399471288351e+00,1.750994127916e+00,6.002274382207e-01,7.842728853611e-01,7.831572950015e-01,7.401538691564e-01
24.424040,7.276173211091e-01,1.610374872250e+00,2.213216790655e+00,8.827575511412e-01,1.112427045419e+00,7.131698240943e-01,1.052585074445e+00
24.490818,6.525142176321e-01,1.747689300086e+00,2.678392673846e+00,1.095175082454e+00,1.412139216585e+00,6.404355663481e-01,1.373311392767e+00
24.557596,5.744635806156e-01,1.797682026532e+00,3.129322879973e+00,1.223218445916e+00,1.695135225759e+00,5.657770740399e-01,1.699008189790e+00
24.624374,4.940455526683e-01,1.753882325264e+00,3.550041723463e+00,1.259836772596e+00,1.972086910673e+00,4.905797841561e-01,2.029347094522e+00
24.691152,4.118107338291e-01,1.616731220219e+00,3.925908402595e+00,1.204920486389e+00,2.254789183699e+00,4.170679063646e-01,2.362190445000e+00
24.757930,3.282023243256e-01,1.392877504569e+00,4.243959903182e+00,1.064675180244e+00,2.559621791135e+00,3.485345163206e-01,2.687927955159e+00
24.824708,2.434961260412e-01,1.094105933862e+00,4.493319674733e+00,8.506098078208e-01,2.915246023131e+00,2.893390365235e-01,2.985667384760e+00
24.891486,1.577757499758e-01,7.361142369235e-01,4.665572732415e+00,5.783384869477e-01,3.386791157057e+00,2.444867684195e-01,3.224280125968e+00
24.958264,7.099937661802e-02,3.376063866134e-01,4.755061279336e+00,2.666070099954e-01,4.204293765269e+00,2.187537646018e-01,3.369676609908e+00
25.025042,1.869150982144e-02,8.895429957445e-02,4.759075132195e+00,7.026278975301e-02,5.539739227870e+00,2.155801618856e-01,3.396167503399e+00
25.091820,1.079530237460e-01,5.049959615701e-01,4.677923267421e+00,3.970429378241e-01,3.768913376965e+00,2.361656508226e-01,3.296474323406e+00
25.158598,2.001043609387e-01,9.034475163971e-01,4.514881695526e+00,7.033431554584e-01,3.116295227818e+00,2.791818388577e-01,3.084762807386e+00
25.225376,2.945878678899e-01,1.259663717032e+00,4.276020346850e+00,9.650758491425e-01,2.675200708974e+00,3.412351026149e-01,2.790834173520e+00
25.292154,3.913570538566e-01,1.553655529504e+00,3.969918298887e+00,1.162298475647e+00,2.316880469336e+00,4.178443432448e-01,2.448809736801e+00
25.358932,4.901573021396e-01,1.768135966524e+00,3.607282720884e+00,1.277978664384e+00,1.995983694641e+00,5.044883153489e-01,2.086367810410e+00
25.425710,5.905076781150e-01,1.889915467702e+00,3.200492623118e+00,1.299407789587e+00,1.690077383376e+00,5.973413674234e-01,1.719279301919e+00
25.492487,6.917419921943e-01,1.911348602338e+00,2.763094656542e+00,1.219606610143e+00,1.384893540503e+00,6.935604362248e-01,1.352310576387e+00
25.559265,7.930844846138e-01,1.831459919569e+00,2.309287289185e+00,1.038375434955e+00,1.068764469155e+00,7.912189111234e-01,9.844712777886e-01
25.626043,8.937453321848e-01,1.656512278574e+00,1.853449991760e+00,7.627669463892e-01,7.293831705257e-01,8.890799586869e-01,6.155433038583e-01
25.692821,9.930208063634e-01,1.399997726617e+00,1.409837253807e+00,4.069769202537e-01,3.504779370187e-01,9.863676134836e-01,2.512682836862e-01
25.759599,1.090382908272e+00,1.082543759809e+00,9.928106462388e-01,-7.839148462770e-03,-9.374424824670e-02,1.082606929865e+00,-9.462185174693e-02
25.826377,1.185544434385e+00,7.342498155890e-01,6.193355510710e-01,-4.512946187960e-01,-6.493101748135e-01,1.177534162909e+00,-4.024687528740e-01
25.893155,1.278487891195e+00,4.165820636847e-01,3.258396630534e-01,-8.619058275099e-01,-1.367027894330e+00,1.271047876175e+00,-6.524497098396e-01
25.959933,1.369450802802e+00,3.435358216472e-01,2.508566360648e-01,-1.025914981155e+00,-1.697283459689e+00,1.363171857828e+00,-8.318860153573e-01
26.026711,1.458865987923e+00,5.866458926040e-01,4.021245936643e-01,-8.722200953187e-01,-1.288652717210e+00,1.454012952360e+00,-9.407607865904e-01
26.093489,1.547263065708e+00,8.756993100874e-01,5.659666604183e-01,-6.715637556207e-01,-1.005707712441e+00,1.543710008649e+00,-9.927203536176e-01
26.160267,1.635145637411e+00,1.126592232478e+00,6.889858656639e-01,-5.085534049327e-01,-8.642663977059e-01,1.632375183225e+00,-1.010997208006e+00
26.227045,1.722865223936e+00,1.315477285663e+00,7.635404484267e-01,-4.073879382730e-01,-8.137779108311e-01,1.720038169137e+00,-1.021449104791e+00
26.293823,1.810515749383e+00,1.432138527350e+00,7.910113611760e-01,-3.783772220331e-01,-8.280546973626e-01,1.806601457695e+00,-1.045876153997e+00
26.360601,1.897869594206e+00,1.473229567893e+00,7.762543708963e-01,-4.246400263123e-01,-8.940070058415e-01,1.891814787109e+00,-1.097939068977e+00
26.427379,1.984368271413e+00,1.440980365834e+00,7.261657962349e-01,-5.433879055789e-01,-1.005277533069e+00,1.975273950442e+00,-1.182117740604e+00
26.494157,2.069169824861e+00,1.343135211805e+00,6.491179194995e-01,-7.260346130562e-01,-1.159288360682e+00,2.056445170024e+00,-1.294758849470e+00
26.560935,2.151244286104e+00,1.193507290963e+00,5.547985873444e-01,-9.577369951407e-01,-1.355196549246e+00,2.134712018254e+00,-1.426049883248e+00
26.627713,2.229500623689e+00,1.013454312829e+00,4.545656108194e-01,-1.216046310859e+00,-1.590190642374e+00,2.209438120988e+00,-1.562345305736e+00
26.694491,2.302924762217e+00,8.352123773568e-01,3.626746262231e-01,-1.467712384860e+00,-1.848429144006e+00,2.280036241420e+00,-1.688826359124e+00
26.761269,2.370708134596e+00,7.059618498842e-01,2.977852227282e-01,-1.664746284712e+00,-2.074571482914e+00,2.346033204301e+00,-1.792479825764e+00
26.828047,2.432348759085e+00,6.755105088742e-01,2.777194291530e-01,-1.756838250211e+00,-2.170001280628e+00,2.407120615080e+00,-1.864936902087e+00
26.894825,2.487710893736e+00,7.484656684068e-01,3.008652131932e-01,-1.739245225329e+00,-2.112455879083e+00,2.463183347478e+00,-1.904329650852e+00
26.961603,2.537034269808e+00,8.764798866825e-01,3.454742007679e-01,-1.660554383125e+00,-1.993833099255e+00,2.514301012712e+00,-1.915431543117e+00
27.028381,2.580889649987e+00,1.010777445129e+00,3.916391563407e-01,-1.570112204858e+00,-1.885548547740e+00,2.560721633302e+00,-1.907988081838e+00
27.095159,2.620084256365e+00,1.122721706943e+00,4.285059551867e-01,-1.497362549422e+00,-1.810657119463e+00,2.602810965886e+00,-1.893899154685e+00
27.161937,2.655528558723e+00,1.198413606853e+00,4.512900465396e-01,-1.457114951870e+00,-1.772288742857e+00,2.640984731494e+00,-1.884275947604e+00
27.228715,2.688083994105e+00,1.232687161728e+00,4.585746444051e-01,-1.455396832377e+00,-1.768460869196e+00,2.675633807796e+00,-1.887243206252e+00
27.295492,2.718416680399e+00,1.225852572025e+00,4.509435881792e-01,-1.492564108374e+00,-1.796462636971e+00,2.707053714675e+00,-1.906833867842e+00
27.362270,2.746882160370e+00,1.182053691370e+00,4.303255918380e-01,-1.564828468999e+00,-1.853679675119e+00,2.735389200979e+00,-1.942842956446e+00
27.429048,2.773460479252e+00,1.108574858309e+00,3.997081864342e-01,-1.664885620943e+00,-1.937116343026e+00,2.760602442354e+00,-1.991318884965e+00
27.495826,2.797751907922e+00,1.015898637723e+00,3.631124814343e-01,-1.781853270199e+00,-2.041858831170e+00,2.782469644211e+00,-2.045457125807e+00
27.562604,2.819033363082e+00,9.184063593555e-01,3.257876871494e-01,-1.900627003727e+00,-2.157903423333e+00,2.800606342379e+00,-2.096825096563e+00
27.629382,2.836365160900e+00,8.350696375495e-01,2.944154190939e-01,-2.001295523350e+00,-2.265286878373e+00,2.814517188562e+00,-2.136892804833e+00
27.696160,2.848729170518e+00,7.876302445976e-01,2.764847752988e-01,-2.061098925920e+00,-2.332472511500e+00,2.823662268808e+00,-2.158718184278e+00
27.762938,2.855175008804e+00,7.923758552422e-01,2.775226922339e-01,-2.062799153562e+00,-2.330985715608e+00,2.827529635942e+00,-2.158445606196e+00
27.829716,2.854951386514e+00,8.490992633042e-01,2.974128621997e-01,-2.005852123210e+00,-2.261688812542e+00,2.825703075218e+00,-2.136194707059e+00
27.896494,2.847604029380e+00,9.409871358573e-01,3.304487302830e-01,-1.906616893523e+00,-2.153781708716e+00,2.817915190457e+00,-2.096048970733e+00
27.963272,2.833027999931e+00,1.045384647755e+00,3.689990525262e-01,-1.787643352176e+00,-2.038307306915e+00,2.804078439923e+00,-2.045146944579e+00
28.030050,2.811469273434e+00,1.141994976865e+00,4.061915197352e-01,-1.669474296569e+00,-1.934637726925e+00,2.784290307145e+00,-1.992167578986e+00
28.096828,2.783477244673e+00,1.215095868447e+00,4.365388187645e-01,-1.568381376225e+00,-1.852578929310e+00,2.758812790909e+00,-1.945620833850e+00
28.163606,2.749816103963e+00,1.253360613263e+00,4.557979755290e-01,-1.496455490700e+00,-1.797239641914e+00,2.728030245491e+00,-1.912267046738e+00
28.230384,2.711348471646e+00,1.249518414376e+00,4.608475920536e-01,-1.461830057269e+00,-1.772133995715e+00,2.692392747526e+00,-1.895811857984e+00
28.297162,2.668908860128e+00,1.200413637404e+00,4.497769314408e-01,-1.468495222724e+00,-1.780673249297e+00,2.652354162832e+00,-1.895932844462e+00
28.363940,2.623186662117e+00,1.107618099679e+00,4.222414346926e-01,-1.515568562438e+00,-1.826567870370e+00,2.608314643623e+00,-1.907778078811e+00
28.430718,2.574637542385e+00,9.789991050107e-01,3.802473508965e-01,-1.595638437374e+00,-1.912642078578e+00,2.560576315078e+00,-1.922247521781e+00
28.497496,2.523437785465e+00,8.323702289650e-01,3.298556571354e-01,-1.691067556500e+00,-2.034722295258e+00,2.509318557910e+00,-1.927400060583e+00
28.564274,2.469488642229e+00,7.029144056036e-01,2.846396592329e-01,-1.766574236625e+00,-2.160542354020e+00,2.454595943259e+00,-1.911033120570e+00
28.631052,2.412468443893e+00,6.478252829905e-01,2.685321271789e-01,-1.764643160902e+00,-2.195435191787e+00,2.396358095869e+00,-1.863905891921e+00
28.697830,2.351921407306e+00,7.112254987654e-01,3.024018985311e-01,-1.640695908541e+00,-2.051230970702e+00,2.334487204642e+00,-1.782557463021e+00
28.764608,2.287365812232e+00,8.690832916810e-01,3.799494103800e-01,-1.418282520551e+00,-1.795118020831e+00,2.268846176755e+00,-1.670652527588e+00
28.831386,2.218401901075e+00,1.063648995771e+00,4.794663199919e-01,-1.154752905303e+00,-1.531868699252e+00,2.199328986734e+00,-1.538313244969e+00
28.898164,2.144801490282e+00,1.249518376407e+00,5.825799646580e-01,-8.952831138752e-01,-1.303335827356e+00,2.125904799568e+00,-1.399772719175e+00
28.964942,2.066565906583e+00,1.396541972977e+00,6.757790634831e-01,-6.700239336062e-01,-1.117777332842e+00,2.048648869034e+00,-1.270255670871e+00
29.031720,1.983945041543e+00,1.484367080234e+00,7.481896167243e-01,-4.995779613087e-01,-9.751861424820e-01,1.967755716190e+00,-1.162942050631e+00
29.098497,1.897416759909e+00,1.499851562753e+00,7.904702827783e-01,-3.975651971553e-01,-8.756205770121e-01,1.883533209518e+00,-1.086356799639e+00
29.165275,1.807631733009e+00,1.436313049503e+00,7.945827810360e-01,-3.713186835059e-01,-8.219556595418e-01,1.796379365374e+00,-1.042107035510e+00
29.232053,1.715333530858e+00,1.293398729506e+00,7.540217142841e-01,-4.219348013513e-01,-8.219416529471e-01,1.706746456091e+00,-1.023048175503e+00
29.298831,1.621267217517e+00,1.077272680895e+00,6.644633711554e-01,-5.439945366218e-01,-8.919836012574e-01,1.615098933666e+00,-1.012647871387e+00
29.365609,1.526091447846e+00,8.020661949019e-01,5.255688943373e-01,-7.240252529439e-01,-1.065983852380e+00,1.521872469861e+00,-9.868254760542e-01
29.432387,1.430308752293e+00,4.996779879822e-01,3.493497380767e-01,-9.306307643103e-01,-1.409572075389e+00,1.427440972700e+00,-9.190138353432e-01
29.499165,1.334225954969e+00,3.008621880537e-01,2.254956792987e-01,-1.033363766915e+00,-1.777805595447e+00,1.332096852553e+00,-7.874695977888e-01
29.565943,1.237951501195e+00,4.828867502233e-01,3.900691987992e-01,-7.550647509714e-01,-1.154889121149e+00,1.236047729644e+00,-5.819878537191e-01
29.632721,1.141429566897e+00,8.265211918150e-01,7.241105503004e-01,-3.149083750821e-01,-4.550926873154e-01,1.139430651200e+00,-3.067830679071e-01
29.699499,1.044503622475e+00,1.173634349974e+00,1.123628798140e+00,1.291307274990e-01,7.302167601043e-02,1.042340993242e+00,2.210086221104e-02
29.766277,9.469964340961e-01,1.480660209955e+00,1.563533036287e+00,5.336637758589e-01,5.014079786702e-01,9.448791307326e-01,3.834491892552e-01
29.833055,8.487907867940e-01,1.722222050377e+00,2.029030094544e+00,8.734312635830e-01,8.715004390698e-01,8.472187130352e-01,7.583542634582e-01
29.899833,7.498960461423e-01,1.879532390807e+00,2.506390586370e+00,1.129636344665e+00,1.206664392014e+00,7.497108543379e-01,1.135202970875e+00
29.966611,6.504894775390e-01,1.939493078432e+00,2.981590241505e+00,1.289003600893e+00,1.522486953391e+00,6.530441565492e-01,1.510479465108e+00
30.033389,5.509267135690e-01,1.895350206470e+00,3.440294615942e+00,1.344423492901e+00,1.831710596789e+00,5.584700304172e-01,1.885505174372e+00
30.100167,4.517214694804e-01,1.747346263818e+00,3.868193968793e+00,1.295624794338e+00,2.147477230438e+00,4.680597265439e-01,2.260455862639e+00
30.166945,3.534994826757e-01,1.502886962767e+00,4.251454489809e+00,1.149387480091e+00,2.487134414366e+00,3.848842737449e-01,2.627797788345e+00
30.233723,2.569351574659e-01,1.176044749304e+00,4.577204462415e+00,9.191095918384e-01,2.880019963885e+00,3.129411878150e-01,2.968001093494e+00
30.300501,1.626814332027e-01,7.864043390690e-01,4.834014082534e+00,6.237229058662e-01,3.391638583534e+00,2.566684036947e-01,3.250475218710e+00
30.367279,7.130422746528e-02,3.574011146441e-01,5.012341166139e+00,2.860968871788e-01,4.252702766659e+00,2.200424105278e-01,3.440998876584e+00
30.434057,1.677723175068e-02,8.564644710193e-02,5.104921263211e+00,6.886921535125e-02,5.717937592727e+00,2.055096266801e-01,3.513391753384e+00
30.500835,1.012836285482e-01,5.172641058736e-01,5.107085056964e+00,4.159804773254e-01,3.920459296833e+00,2.131865077829e-01,3.459849465465e+00
30.567613,1.821351051064e-01,9.137700065993e-01,5.016990030919e+00,7.316349014928e-01,3.315836689991e+00,2.407153650808e-01,3.294184525617e+00
30.634391,2.593690467947e-01,1.254245905380e+00,4.835757854995e+00,9.948768585852e-01,2.925541200535e+00,2.838633551563e-01,3.046058119183e+00
30.701169,3.331092670945e-01,1.521481301639e+00,4.567514182086e+00,1.188372034544e+00,2.618253827676e+00,3.375865936652e-01,2.749630488936e+00
30.767947,4.034946280310e-01,1.702478700481e+00,4.219334241919e+00,1.298984072450e+00,2.347269457815e+00,3.970940549784e-01,2.432873923455e+00
30.834725,4.706100264253e-01,1.788839305009e+00,3.801107508476e+00,1.318229278584e+00,2.089017971163e+00,4.585371540531e-01,2.112416801194e+00
30.901503,5.344302096794e-01,1.777168958418e+00,3.325352733118e+00,1.242738748739e+00,1.828129881898e+00,5.192125894551e-01,1.794908483898e+00
30.968280,5.947874091361e-01,1.669601569386e+00,2.807056006467e+00,1.074814160250e+00,1.551687482461e+00,5.774021102495e-01,1.482549060346e+00
31.035058,6.513685429367e-01,1.474517392366e+00,2.263722140645e+00,8.231488494292e-01,1.245690102188e+00,6.320630144083e-01,1.179246532437e+00
31.101836,7.037414288458e-01,1.207788185198e+00,1.716238572425e+00,5.040467563527e-01,8.914792984842e-01,6.825393098033e-01,8.944759586173e-01
31.168614,7.514038414098e-01,8.963590033012e-01,1.192912457859e+00,1.449551618914e-01,4.622097941091e-01,7.283689951052e-01,6.432831843928e-01
31.235392,7.938455505303e-01,5.940077554894e-01,7.482661521407e-01,-1.998377950409e-01,-5.913018852670e-02,7.691882317369e-01,4.424576655947e-01
31.302170,8.306120724038e-01,4.440485019336e-01,5.346039585586e-01,-3.865635704702e-01,-4.406366572604e-01,8.047006300445e-01,3.044941190359e-01
31.368948,8.613594727996e-01,5.911512632952e-01,6.863002984965e-01,-2.702082095044e-01,-2.271966386010e-01,8.346779440553e-01,2.321072245878e-01
31.435726,8.858916234027e-01,8.621160301943e-01,9.731619618244e-01,-2.377559320833e-02,9.395590256662e-02,8.589688270549e-01,2.159858266108e-01
31.502504,9.041742896425e-01,1.119064914908e+00,1.237665047245e+00,2.148906252657e-01,3.139597169749e-01,8.775038082495e-01,2.368817930708e-01
31.569282,9.163239479634e-01,1.313841593529e+00,1.433817806955e+00,3.975176455656e-01,4.477260036201e-01,8.902888998906e-01,2.711685244602e-01
31.636060,9.225730321921e-01,1.425097532464e+00,1.544698883164e+00,5.025245002720e-01,5.154177322391e-01,8.973899532184e-01,2.974636730911e-01
31.702838,9.232171064621e-01,1.443430549703e+00,1.563478990585e+00,5.202134432406e-01,5.268043142701e-01,8.989090771353e-01,3.021422698481e-01
31.769616,9.185528014430e-01,1.368062251595e+00,1.489367023263e+00,4.495094501516e-01,4.833071024731e-01,8.949574269651e-01,2.825240690092e-01
31.836394,9.088175650978e-01,1.206128216971e+00,1.327140081014e+00,2.973106518730e-01,3.786372153693e-01,8.856293284117e-01,2.474310607564e-01
31.903172,8.941426272517e-01,9.738929713265e-01,1.089191971889e+00,7.975034407477e-02,1.973260893620e-01,8.709824751617e-01,2.151196660844e-01
31.969950,8.745285601534e-01,7.041396569064e-01,8.051648499426e-01,-1.703889032470e-01,-8.263791377198e-02,8.510278471139e-01,2.087296040612e-01
32.036728,8.498485437699e-01,4.823185014492e-01,5.675346565985e-01,-3.675300423207e-01,-4.037563334207e-01,8.257312253839e-01,2.500111297154e-01
32.103506,8.198787987601e-01,5.035502316242e-01,6.141764275228e-01,-3.163285671359e-01,-2.888742948287e-01,7.950272539737e-01,3.531057683443e-01
32.170284,7.843500734925e-01,7.654685073479e-01,9.759271187921e-01,-1.888156614461e-02,2.185324672553e-01,7.588434109029e-01,5.208026082646e-01
32.237062,7.430100164741e-01,1.085483412345e+00,1.460927024235e+00,3.424733958704e-01,6.761169355650e-01,7.171343191262e-01,7.448937464674e-01
32.303840,6.956846261957e-01,1.381247612610e+00,1.985450821536e+00,6.855629864148e-01,1.048704847098e+00,6.699305985489e-01,1.010379238508e+00
32.370618,6.423278228643e-01,1.614874597669e+00,2.514097226036e+00,9.725467748045e-01,1.364570261365e+00,6.174141469885e-01,1.301381517350e+00
32.437396,5.830509391191e-01,1.763094790895e+00,3.023912102018e+00,1.180043851776e+00,1.646032113418e+00,5.600433705985e-01,1.605877383644e+00
32.504174,5.181277088079e-01,1.811674718364e+00,3.496579487194e+00,1.293547009556e+00,1.909318726273e+00,4.987546108888e-01,1.917111585824e+00
32.570952,4.479743578657e-01,1.754558573640e+00,3.916649564496e+00,1.306584215775e+00,2.168255870513e+00,4.352430543113e-01,2.231137419899e+00
32.637730,3.731081448603e-01,1.593626793912e+00,4.271219526736e+00,1.220518649051e+00,2.437786358674e+00,3.722631046228e-01,2.541642321506e+00
32.704508,2.940908937694e-01,1.338115240367e+00,4.550005691152e+00,1.044024346597e+00,2.738994880708e+00,3.137984303408e-01,2.834620616486e+00
32.771285,2.114666739487e-01,1.003514821267e+00,4.745498676121e+00,7.920481473187e-01,3.110884384506e+00,2.648964898153e-01,3.086116262134e+00
32.838063,1.257059481977e-01,6.100626432015e-01,4.853092888191e+00,4.843566950038e-01,3.653426054524e+00,2.310252611241e-01,3.265464062019e+00
32.904841,3.720948130153e-02,1.812528190820e-01,4.871146082719e+00,1.440433377805e-01,4.874520921149e+00,2.170216430290e-01,3.343837755252e+00
32.971619,5.416035494889e-02,2.600211715192e-01,4.800950284844e+00,2.058608165703e-01,4.484619971019e+00,2.259674940357e-01,3.304514150871e+00
33.038397,1.478330131380e-01,6.869220533481e-01,4.646607944781e+00,5.390890402101e-01,3.447809410987e+00,2.584617232033e-01,3.149468413698e+00
33.105175,2.441284257046e-01,1.077781820886e+00,4.414814939209e+00,8.336533951817e-01,2.895026774103e+00,3.126194073430e-01,2.898506823622e+00
33.171953,3.431025439804e-01,1.411715210984e+00,4.114557690555e+00,1.068612667003e+00,2.484257255699e+00,3.847793135290e-01,2.581429715493e+00
33.238731,4.448145604561e-01,1.671051005838e+00,3.756736299560e+00,1.226236445382e+00,2.133648376774e+00,4.705678283456e-01,2.227569944694e+00
33.305509,5.492338539857e-01,1.841981876278e+00,3.353729678007e+00,1.292748022293e+00,1.809304027881e+00,5.658634743472e-01,1.857883656271e+00
33.372287,6.561843544186e-01,1.915351452443e+00,2.918922768496e+00,1.259167098025e+00,1.492528134758e+00,6.673604631010e-01,1.482508416370e+00
33.439065,7.653158536547e-01,1.887438266055e+00,2.466221308550e+00,1.122122412400e+00,1.170153794426e+00,7.726916839702e-01,1.103532513828e+00
33.505843,8.761059032612e-01,1.760613752607e+00,2.009590103267e+00,8.845078493460e-01,8.301990737708e-01,8.802621317799e-01,7.207021242817e-01
33.572621,9.878913387379e-01,1.543758143181e+00,1.562680107261e+00,5.558668044435e-01,4.585849329498e-01,9.889880927588e-01,3.373568839840e-01
33.639399,1.099923568254e+00,1.252500264923e+00,1.138715726322e+00,1.525766966686e-01,3.466037752214e-02,1.098075875193e+00,-3.572534407121e-02
33.706177,1.211438199494e+00,9.101676062899e-01,7.513116283355e-01,-3.012705932044e-01,-4.777430105199e-01,1.206887453630e+00,-3.802309222338e-01
33.772955,1.321727698534e+00,5.554280447770e-01,4.202288000722e-01,-7.662996537569e-01,-1.145895697267e+00,1.314882206630e+00,-6.744869456811e-01
33.839733,1.430205515751e+00,3.097128494753e-01,2.165512900520e-01,-1.120492666275e+00,-1.887746005299e+00,1.421603390593e+00,-9.006337449065e-01
33.906511,1.536451310314e+00,4.482553570553e-01,2.917471930586e-01,-1.088195953259e+00,-1.661343042300e+00,1.526680559004e+00,-1.051708568514e+00
33.973289,1.640229427422e+00,7.487722857812e-01,4.565046043335e-01,-8.914571416404e-01,-1.278992619656e+00,1.629830894986e+00,-1.135170715355e+00
34.040067,1.741476519683e+00,1.029866484360e+00,5.913754637059e-01,-7.116100353224e-01,-1.080037488837e+00,1.730849444745e+00,-1.171000535655e+00
34.106845,1.840258931765e+00,1.251727549142e+00,6.801909924390e-01,-5.885313826232e-01,-9.952879345209e-01,1.829586894211e+00,-1.185421139335e+00
34.173623,1.936705687164e+00,1.399607140924e+00,7.226741524023e-01,-5.370985462402e-01,-9.857852769244e-01,1.925917995733e+00,-1.203367650560e+00
34.240401,2.030927772509e+00,1.468387581218e+00,7.230131967736e-01,-5.625401912911e-01,-1.032820523631e+00,2.019705165595e+00,-1.242808186180e+00
34.307179,2.122937798344e+00,1.459876393007e+00,6.876680014578e-01,-6.630614053377e-01,-1.127249996886e+00,2.110763654453e+00,-1.312338860283e+00
34.373957,2.212584982625e+00,1.382037663606e+00,6.246257994423e-01,-8.305473190186e-01,-1.264764036831e+00,2.198834668647e+00,-1.411598176770e+00
34.440735,2.299518215128e+00,1.248862673924e+00,5.430975348263e-01,-1.050655541204e+00,-1.443165982340e+00,2.283571671749e+00,-1.533208520054e+00
34.507513,2.383185006127e+00,1.080962494032e+00,4.535789253681e-01,-1.302222512094e+00,-1.659023819386e+00,2.364542988017e+00,-1.665233136779e+00
34.574290,2.462867508028e+00,9.073644701994e-01,3.684178979346e-01,-1.555503037829e+00,-1.899863717664e+00,2.441251111764e+00,-1.793794472317e+00
34.641068,2.537750069244e+00,7.677278092370e-01,3.025230177477e-01,-1.770022260007e+00,-2.126875801646e+00,2.513166265788e+00,-1.905810856106e+00
34.707846,2.607007364874e+00,7.055554946776e-01,2.706380903192e-01,-1.901451870196e+00,-2.265175770686e+00,2.579769241518e+00,-1.991612076954e+00
34.774624,2.669898935943e+00,7.366787635360e-01,2.759200933109e-01,-1.933220172407e+00,-2.269684592162e+00,2.640596821238e+00,-2.046844468395e+00
34.841402,2.725855187691e+00,8.297874372788e-01,3.044136170643e-01,-1.896067750413e+00,-2.192150129107e+00,2.695282419467e+00,-2.073027806080e+00
34.908180,2.774541293166e+00,9.402554439814e-01,3.388868085320e-01,-1.834285849185e+00,-2.102574559269e+00,2.743585101503e+00,-2.076528750425e+00
34.974958,2.815888566556e+00,1.038296974759e+00,3.687280054652e-01,-1.777591591798e+00,-2.032973885281e+00,2.785401775154e+00,-2.066384709504e+00
35.041736,2.850087273399e+00,1.109955739834e+00,3.894462286098e-01,-1.740131533565e+00,-1.990379091608e+00,2.820759874823e+00,-2.051823411200e+00
35.108514,2.877540163950e+00,1.151701584599e+00,4.002382309125e-01,-1.725838579351e+00,-1.972631151327e+00,2.849790901406e+00,-2.040328323000e+00
35.175292,2.898781854064e+00,1.166165667162e+00,4.022950763017e-01,-1.732616186901e+00,-1.974860037397e+00,2.872688293131e+00,-2.036693989864e+00
35.242070,2.914374938772e+00,1.158965878037e+00,3.976721946852e-01,-1.755409060735e+00,-1.991782612084e+00,2.889655793007e+00,-2.043001830965e+00
35.308848,2.924798502705e+00,1.136110594193e+00,3.884406372413e-01,-1.788687908512e+00,-2.018840511090e+00,2.900854291344e+00,-2.059113376543e+00
35.375626,2.930347352840e+00,1.102045725488e+00,3.760802365017e-01,-1.828301627352e+00,-2.053073729866e+00,2.906355710460e+00,-2.083228444092e+00
35.442404,2.931059804316e+00,1.058782517550e+00,3.612285617613e-01,-1.872277286766e+00,-2.093608451508e+00,2.906111700770e+00,-2.112228847678e+00
35.509182,2.926687747029e+00,1.006513348515e+00,3.439086897933e-01,-1.920174398514e+00,-2.141250415301e+00,2.899942806041e+00,-2.141788975696e+00
35.575960,2.916715542160e+00,9.457451221132e-01,3.242500368798e-01,-1.970970420047e+00,-2.196698510920e+00,2.887550645208e+00,-2.166455765543e+00
35.642738,2.900425575192e+00,8.805483808114e-01,3.035928204271e-01,-2.019877194380e+00,-2.256925358164e+00,2.868552056399e+00,-2.179990937066e+00
35.709516,2.877000082059e+00,8.220439380051e-01,2.857295497249e-01,-2.054956144054e+00,-2.309457658977e+00,2.842530659814e+00,-2.176182205806e+00
35.776294,2.845642997282e+00,7.897055307540e-01,2.775139156627e-01,-2.055937466528e+00,-2.327673252152e+00,2.809098500838e+00,-2.150091430013e+00
35.843072,2.805703027059e+00,8.051247475318e-01,2.869600737380e-01,-2.000578279527e+00,-2.280066329900e+00,2.767958780419e+00,-2.099423238238e+00
35.909850,2.756779878109e+00,8.769933498555e-01,3.181223705307e-01,-1.879786528254e+00,-2.159382444996e+00,2.718960406844e+00,-2.025543528265e+00
35.976628,2.698798785008e+00,9.925766270118e-01,3.677845982908e-01,-1.706222157996e+00,-1.993064622492e+00,2.662136221684e+00,-1.933739888891e+00
36.043406,2.632043172895e+00,1.126080742419e+00,4.278352095496e-01,-1.505962430476e+00,-1.816777598362e+00,2.597719064815e+00,-1.832578191382e+00
36.110184,2.557140744495e+00,1.250338330298e+00,4.889595275465e-01,-1.306802414197e+00,-1.654365296302e+00,2.526132993240e+00,-1.732514475827e+00
36.176962,2.475004233024e+00,1.342208861898e+00,5.423056833556e-01,-1.132795371126e+00,-1.518167551427e+00,2.447960504316e+00,-1.644046614499e+00
36.243740,2.386734344619e+00,1.383971196610e+00,5.798597567971e-01,-1.002763148009e+00,-1.414895051892e+00,2.363890049091e+00,-1.575616422865e+00
36.310518,2.293498103085e+00,1.363650113192e+00,5.945721565489e-01,-9.298479898929e-01,-1.349991404683e+00,2.274650987467e+00,-1.531364517243e+00
36.377295,2.196399239994e+00,1.275228743879e+00,5.805997018478e-01,-9.211704961147e-01,-1.330513051315e+00,2.180945031924e+00,-1.508958687797e+00
36.444073,2.096357916995e+00,1.119049001594e+00,5.338062706382e-01,-9.773089154009e-01,-1.367923808718e+00,2.083383857554e+00,-1.498143921505e+00
36.510851,1.994016399922e+00,9.031602085640e-01,4.529351958185e-01,-1.090856191358e+00,-1.482157115461e+00,1.982441781871e+00,-1.481087925636e+00
36.577629,1.889685850296e+00,6.492510426959e-01,3.435761783338e-01,-1.240434807600e+00,-1.704757019402e+00,1.878430286430e+00,-1.435431780323e+00
36.644407,1.783345028739e+00,4.242761646627e-01,2.379103077786e-01,-1.359068864076e+00,-2.014352364803e+00,1.771497928485e+00,-1.339852336679e+00
36.711185,1.674693061013e+00,4.253329751523e-01,2.539766749228e-01,-1.249360085860e+00,-1.886142748521e+00,1.661655352143e+00,-1.180312398217e+00
36.777963,1.563247617380e+00,6.847667203329e-01,4.380411092392e-01,-8.784808970475e-01,-1.272207979619e+00,1.548824016356e+00,-9.543349500721e-01
36.844741,1.448470733572e+00,1.012878354479e+00,6.992742973694e-01,-4.355923790934e-01,-7.282205331248e-01,1.432898648640e+00,-6.709433650172e-01
36.911519,1.329899885174e+00,1.328948463609e+00,9.992845915879e-01,-9.514215651569e-04,-2.858193295342e-01,1.313826041561e+00,-3.464034120919e-01
36.978297,1.207262588582e+00,1.596137393527e+00,1.322112859806e+00,3.888748049454e-01,9.087563508709e-02,1.191702657122e+00,2.316045947360e-03
37.045075,1.080557723981e+00,1.789365130749e+00,1.655964407118e+00,7.088074067676e-01,4.269062435102e-01,1.066911328821e+00,3.633330616600e-01
37.111853,9.500939869271e-01,1.890456827166e+00,1.989757701004e+00,9.403628402389e-01,7.392072387076e-01,9.403311530186e-01,7.324620157045e-01
37.178631,8.164833744043e-01,1.888146843592e+00,2.312535567512e+00,1.071663469188e+00,1.041093299638e+00,8.136498418497e-01,1.111504695595e+00
37.245409,6.805940087106e-01,1.778771681102e+00,2.613557654543e+00,1.098177672391e+00,1.345501699115e+00,6.897562046432e-01,1.502452369711e+00
37.312187,5.434712929033e-01,1.566607763775e+00,2.882595243266e+00,1.023136470871e+00,1.668469407272e+00,5.730803280279e-01,1.899330233049e+00
37.378965,4.062393740844e-01,1.263520369457e+00,3.110285339291e+00,8.572809953729e-01,2.035527172731e+00,4.696247668841e-01,2.281218042952e+00
37.445743,2.699965112675e-01,8.878796387218e-01,3.288485597660e+00,6.178831274543e-01,2.499773395441e+00,3.864045087610e-01,2.611123008351e+00
37.512521,1.357195235004e-01,4.628847807509e-01,3.410598334066e+00,3.271652572504e-01,3.224052590413e+00,3.301997673621e-01,2.843894482485e+00
37.579299,4.547864010051e-03,1.578946874604e-02,3.471842762032e+00,1.124160473598e-02,6.637783112924e+00,3.059045143178e-01,2.941510566571e+00
37.646077,1.241459620091e-01,4.307195398221e-01,3.469460728737e+00,3.065735778129e-01,3.330296464950e+00,3.151051546474e-01,2.888470996502e+00
37.712855,2.489034262319e-01,8.469800083717e-01,3.402845919776e+00,5.980765821397e-01,2.615302420939e+00,3.555548761181e-01,2.698442988768e+00
37.779633,3.700988738978e-01,1.211552288195e+00,3.273590852723e+00,8.414534142972e-01,2.179872584807e+00,4.218179633035e-01,2.408081446019e+00
37.846411,4.878496501697e-01,1.505235887896e+00,3.085450378763e+00,1.017386237726e+00,1.844445651091e+00,5.067747458243e-01,2.061871923427e+00
37.913189,6.023480725934e-01,1.713213527332e+00,2.844225133743e+00,1.110865454738e+00,1.552210476844e+00,6.032971940008e-01,1.696790026260e+00
37.979967,7.137615197382e-01,1.825497876651e+00,2.557573960166e+00,1.111736356913e+00,1.276265515760e+00,7.054549926508e-01,1.334185015220e+00
38.046745,8.221439974284e-01,1.837304630001e+00,2.234772297491e+00,1.015160632573e+00,9.999790624728e-01,8.089842411744e-01,9.807612163583e-01
38.113523,9.273731682531e-01,1.749441888348e+00,1.886448679169e+00,8.220687200951e-01,7.100952954651e-01,9.111446348360e-01,6.355643931804e-01
38.180301,1.029123014786e+00,1.568764357992e+00,1.524370104888e+00,5.396413432062e-01,3.928742811536e-01,1.010280509135e+00,2.982125963751e-01
38.247078,1.126875096087e+00,1.308836211440e+00,1.161474076394e+00,1.819611153522e-01,3.024155365975e-02,1.105367601299e+00,-2.536554842140e-02
38.313856,1.219964063639e+00,9.916823555569e-01,8.128783339722e-01,-2.282817080822e-01,-4.059952336217e-01,1.195689384144e+00,-3.215803353465e-01
38.380634,1.307647508619e+00,6.558721661782e-01,5.015664862705e-01,-6.517753424404e-01,-9.582488334435e-01,1.280663421219e+00,-5.724122964292e-01
38.447412,1.389187172874e+00,4.047515526184e-01,2.913585444221e-01,-9.844356202556e-01,-1.561919467204e+00,1.359777237857e+00,-7.618145060715e-01
38.514190,1.463928067175e+00,4.695524443864e-01,3.207483037692e-01,-9.943756227884e-01,-1.518221843716e+00,1.432583520165e+00,-8.824921457100e-01
38.580968,1.531363579168e+00,7.445085940186e-01,4.861736325367e-01,-7.868549851495e-01,-1.147348017004e+00,1.498716780047e+00,-9.398258235138e-01
38.647746,1.591177564056e+00,1.025724315760e+00,6.446322138590e-01,-5.654532482957e-01,-9.035496843327e-01,1.557912816667e+00,-9.511457984804e-01
38.714524,1.643258143103e+00,1.251315779642e+00,7.614846059906e-01,-3.919423634615e-01,-7.691662658639e-01,1.610015126453e+00,-9.405540896417e-01
38.781302,1.687682091463e+00,1.397365882687e+00,8.279793272415e-01,-2.903162087759e-01,-7.121231360035e-01,1.654969696810e+00,-9.319158367155e-01
38.848080,1.724672947521e+00,1.453386801868e+00,8.427028463324e-01,-2.712861456525e-01,-7.161783154430e-01,1.692806938087e+00,-9.427102040535e-01
38.914858,1.754539932765e+00,1.418030274748e+00,8.082063270645e-01,-3.365096580171e-01,-7.751445737598e-01,1.723614197415e+00,-9.804707878385e-01
38.981636,1.777607909664e+00,1.298307618553e+00,7.303678226760e-01,-4.793002911111e-01,-8.894755945826e-01,1.747503830881e+00,-1.042103865301e+00
39.048414,1.794150302409e+00,1.110382384853e+00,6.188903924947e-01,-6.837679175567e-01,-1.064358634610e+00,1.764582406156e+00,-1.115608352795e+00
39.115192,1.804336613997e+00,8.836944589006e-01,4.897614181551e-01,-9.206421550968e-01,-1.304029905536e+00,1.774926269857e+00,-1.183648080186e+00
39.181970,1.808203677547e+00,6.750312298820e-01,3.733159257799e-01,-1.133172447665e+00,-1.577664140959e+00,1.778567502413e+00,-1.228401770477e+00
39.248748,1.805655407156e+00,5.906379101464e-01,3.271044451813e-01,-1.215017497009e+00,-1.708399387194e+00,1.775492409354e+00,-1.236721204142e+00
39.315526,1.796490450028e+00,7.025799116495e-01,3.910846905079e-01,-1.093910538378e+00,-1.524666154368e+00,1.765652492302e+00,-1.204133094524e+00
39.382304,1.780451995635e+00,9.246784594127e-01,5.193504018528e-01,-8.557735362223e-01,-1.232043737749e+00,1.748985695486e+00,-1.136251696125e+00
39.449082,1.757290202406e+00,1.156646340868e+00,6.581988218475e-01,-6.006438615380e-01,-9.820211972707e-01,1.725444007986e+00,-1.047079547863e+00
39.515860,1.726825955926e+00,1.345531443845e+00,7.791934324515e-01,-3.812945120818e-01,-7.957809710833e-01,1.695022504218e+00,-9.548870999075e-01
39.582638,1.689005088167e+00,1.462829018676e+00,8.660891722139e-01,-2.261760694913e-01,-6.679070558502e-01,1.657784773312e+00,-8.771339254575e-01
39.649416,1.643934388060e+00,1.492737597035e+00,9.080274783937e-01,-1.511967910252e-01,-5.935730241889e-01,1.613880413115e+00,-8.257764500946e-01
39.716194,1.591894090896e+00,1.428780637934e+00,8.975349843342e-01,-1.631134529620e-01,-5.730277390101e-01,1.563551694161e+00,-8.037488006824e-01
39.782972,1.533325399539e+00,1.272927217291e+00,8.301742198194e-01,-2.603981822474e-01,-6.135585374209e-01,1.507128373625e+00,-8.031031699077e-01
39.849750,1.468795428168e+00,1.035719301332e+00,7.051487780188e-01,-4.330761268356e-01,-7.337890940316e-01,1.445011641221e+00,-8.054600317314e-01
39.916528,1.398945356735e+00,7.390103838679e-01,5.282625088321e-01,-6.599349728671e-01,-9.738805791262e-01,1.377649982140e+00,-7.854850677265e-01
39.983306,1.324430193885e+00,4.367832169152e-01,3.297895343460e-01,-8.876469769700e-01,-1.390282927288e+00,1.305511058171e+00,-7.173033365685e-01
40.050083,1.245860025957e+00,3.481490934438e-01,2.794447900970e-01,-8.977109325130e-01,-1.494776612194e+00,1.229054384284e+00,-5.820872083743e-01
40.116861,1.163752648134e+00,6.220297402270e-01,5.345033940198e-01,-5.417229079067e-01,-7.780670237647e-01,1.148711415056e+00,-3.738249666023e-01
40.183639,1.078505807069e+00,9.789189988897e-01,9.076622420330e-01,-9.958680817911e-02,-1.724595209490e-01,1.064874730410e+00,-1.002920640230e-01
40.250417,9.903939814869e-01,1.315529618875e+00,1.328289189419e+00,3.251356373881e-01,2.935442443854e-01,9.779078160761e-01,2.211400623066e-01
40.317195,8.995901531916e-01,1.595457514235e+00,1.773538214680e+00,6.958673610434e-01,6.787925473257e-01,8.881853319758e-01,5.708839929571e-01
40.383973,8.062082578810e-01,1.795811322751e+00,2.227478204542e+00,9.896030648705e-01,1.016283280981e+00,7.961849860824e-01,9.341179488376e-01
40.450751,7.103580463755e-01,1.900563458861e+00,2.675500712012e+00,1.190205412485e+00,1.326122690281e+00,7.026588786302e-01,1.304304876914e+00
40.517529,6.122018781101e-01,1.899948321796e+00,3.103466993048e+00,1.287746443686e+00,1.623213056089e+00,6.089035036656e-01,1.681814832057e+00
40.584307,5.120029743184e-01,1.790875598022e+00,3.497783583007e+00,1.278872623703e+00,1.921554350646e+00,5.171021529913e-01,2.068014122953e+00
40.651085,4.101567369496e-01,1.577349108285e+00,3.845722783968e+00,1.167192371336e+00,2.238177472610e+00,4.306239586599e-01,2.456893551356e+00
40.717863,3.072003264511e-01,1.270521887813e+00,4.135809041907e+00,9.633215613622e-01,2.599938181431e+00,3.540675361528e-01,2.828010800225e+00
40.784641,2.038005089817e-01,8.882045211450e-01,4.358205607939e+00,6.844040121632e-01,3.062674075575e+00,2.928238593216e-01,3.145404713253e+00
40.851419,1.007320532691e-01,4.538048075432e-01,4.505068573664e+00,3.530727542741e-01,3.800494337970e+00,2.520887259990e-01,3.365462636148e+00
40.918197,4.096540988697e-03,1.872466362868e-02,4.570847375944e+00,1.462812263998e-02,7.017310931797e+00,2.355586915701e-01,3.451897463906e+00
40.984975,1.015240635480e-01,4.621900134357e-01,4.552516884012e+00,3.606659498877e-01,3.803139670656e+00,2.443180873340e-01,3.390615808785e+00
41.051753,1.989817594977e-01,8.854152070220e-01,4.449730514278e+00,6.864334475242e-01,3.107385655029e+00,2.764401842331e-01,3.195905425131e+00
41.118531,2.932401334930e-01,1.250636317386e+00,4.264887969083e+00,9.573961838934e-01,2.677179350484e+00,3.275101880030e-01,2.904160816452e+00
41.185309,3.838097775971e-01,1.536435032419e+00,4.003115923825e+00,1.152625254822e+00,2.344681258800e+00,3.918187364092e-01,2.559066823432e+00
41.252087,4.703594427870e-01,1.727238029902e+00,3.672166162259e+00,1.256878587114e+00,2.055039827574e+00,4.636816105466e-01,2.196883446153e+00
41.318865,5.526864328647e-01,1.814052379919e+00,3.282245179272e+00,1.261365947055e+00,1.781492161564e+00,5.383864452520e-01,1.838962292635e+00
41.385643,6.306765020046e-01,1.794783839064e+00,2.845807372495e+00,1.164107337059e+00,1.506809036800e+00,6.125602186219e-01,1.493122839665e+00
41.452421,7.042507690064e-01,1.674276524976e+00,2.377386860845e+00,9.700257559696e-01,1.216622707134e+00,6.840565729228e-01,1.160605791109e+00
41.519199,7.733081415069e-01,1.464388692287e+00,1.893667755046e+00,6.910805507796e-01,8.955932388120e-01,7.516072059393e-01,8.437001850344e-01
41.585977,8.376739167856e-01,1.184834584995e+00,1.414434138694e+00,3.471606682098e-01,5.238559241384e-01,8.144552693504e-01,5.503142061405e-01
41.652755,8.970645016425e-01,8.674244074684e-01,9.669587926845e-01,-2.964009417409e-02,7.502811332319e-02,8.720835883816e-01,2.939397056863e-01
41.719533,9.510751770989e-01,5.762678194951e-01,6.059119545659e-01,-3.748073576038e-01,-4.508584239797e-01,9.240573423904e-01,8.951621913474e-02
41.786311,9.991933236526e-01,4.701369748223e-01,4.705165293776e-01,-5.290563488303e-01,-7.531171871734e-01,9.699549495675e-01,-5.268016824313e-02
41.853088,1.040834661990e+00,6.439170274253e-01,6.186544808128e-01,-3.969176345645e-01,-5.202313023403e-01,1.009352938391e+00,-1.321539221817e-01
41.919866,1.075395973383e+00,9.096230776371e-01,8.458494360694e-01,-1.657728957456e-01,-2.401028478530e-01,1.041838375225e+00,-1.597358018115e-01
41.986644,1.102315192642e+00,1.147677573729e+00,1.041151914978e+00,4.536238108685e-02,-5.708497780569e-02,1.067034696263e+00,-1.548474300068e-01
42.053422,1.121128957767e+00,1.313617758527e+00,1.171691935550e+00,1.924888007598e-01,4.411262735138e-02,1.084626782963e+00,-1.394730977156e-01
42.120200,1.131518485996e+00,1.387225802959e+00,1.225985982666e+00,2.557073169630e-01,8.018488050101e-02,1.094382704585e+00,-1.314634369814e-01
42.186978,1.133336652201e+00,1.361215748331e+00,1.201069201889e+00,2.278790961299e-01,5.804609029951e-02,1.096166331955e+00,-1.393689031029e-01
42.253756,1.126611977563e+00,1.239227372422e+00,1.099959344567e+00,1.126153948588e-01,-2.394165938702e-02,1.089938630968e+00,-1.601822228017e-01
42.320534,1.111528564331e+00,1.036659721347e+00,9.326433477411e-01,-7.486884298342e-02,-1.754685681543e-01,1.075747327406e+00,-1.803859510343e-01
42.387312,1.088384554089e+00,7.865856513545e-01,7.227093111524e-01,-3.017989027343e-01,-4.094427333686e-01,1.053706573956e+00,-1.799952951707e-01
42.454090,1.057535127220e+00,5.659189725442e-01,5.351301890386e-01,-4.916161546758e-01,-6.811860663079e-01,1.023969988895e+00,-1.385669973890e-01
42.520868,1.019328967986e+00,5.402146101879e-01,5.299708211522e-01,-4.791143577984e-01,-6.540778646599e-01,9.867041865517e-01,-4.142446437524e-02
42.587646,9.740489239634e-01,7.578500044415e-01,7.780410057411e-01,-2.161989195218e-01,-2.246823029253e-01,9.420656856422e-01,1.163042140932e-01
42.654424,9.218676868781e-01,1.060488357459e+00,1.150369377899e+00,1.386206705811e-01,2.214366613386e-01,8.901969315052e-01,3.293342296494e-01
42.721202,8.628273075256e-01,1.350751826516e+00,1.565494989246e+00,4.879245189907e-01,5.957427761197e-01,8.312577383012e-01,5.856670011863e-01
42.787980,7.968473005791e-01,1.583855422908e+00,1.987652366716e+00,7.870081223285e-01,9.140464384038e-01,7.655229867838e-01,8.719801289982e-01
42.854758,7.237607052422e-01,1.733376020676e+00,2.394957350021e+00,1.009615315434e+00,1.196659881631e+00,6.935882346619e-01,1.178158116107e+00
42.921536,6.433719819486e-01,1.782600074777e+00,2.770714493003e+00,1.139228092828e+00,1.460137438639e+00,6.167174689171e-01,1.498499414792e+00
42.988314,5.555264130672e-01,1.722832505180e+00,3.101261190566e+00,1.167306092113e+00,1.719647987179e+00,5.373141197766e-01,1.828626554106e+00
43.055092,4.601787600621e-01,1.553326024939e+00,3.375483963513e+00,1.093147264877e+00,1.992678966798e+00,4.593837621473e-01,2.159254224569e+00
43.121870,3.574497792408e-01,1.281385166970e+00,3.584797757300e+00,9.239353877289e-01,2.305462463240e+00,3.887239727963e-01,2.470147586100e+00
43.188648,2.476635922077e-01,9.221093859491e-01,3.723233510947e+00,6.744457937414e-01,2.710276450809e+00,3.325325834212e-01,2.728691265260e+00
43.255426,1.313794371662e-01,4.976010175189e-01,3.787510650465e+00,3.662215803528e-01,3.361374658377e+00,2.982881278503e-01,2.896047119252e+00
43.322204,1.125560534587e-02,4.251294108422e-02,3.777046171915e+00,3.125733573836e-02,5.815831289603e+00,2.921238515853e-01,2.939633283182e+00
43.388982,1.184368319971e-01,4.374916006818e-01,3.693881314661e+00,3.190547686847e-01,3.440053275892e+00,3.172896198064e-01,2.845927598500e+00
43.455760,2.496771706674e-01,8.844865942775e-01,3.542520895736e+00,6.348094236101e-01,2.652425104069e+00,3.733834533071e-01,2.626193644453e+00
43.522538,3.842035377125e-01,1.279278161347e+00,3.329688656601e+00,8.950746236349e-01,2.159461623798e+00,4.567059260736e-01,2.311575414623e+00
43.589316,5.211509207216e-01,1.596810452985e+00,3.064007736519e+00,1.075659532263e+00,1.771439380936e+00,5.615337327482e-01,1.940496437331e+00
43.656093,6.598437092416e-01,1.818278465378e+00,2.755619914097e+00,1.158434756136e+00,1.429394707668e+00,6.816974180161e-01,1.545527388688e+00
43.722871,7.997994819514e-01,1.932124617713e+00,2.415761276812e+00,1.132325135761e+00,1.105408696217e+00,8.118301607425e-01,1.146057846848e+00
43.789649,9.407339288945e-01,1.934446671173e+00,2.056316469255e+00,9.937127422786e-01,7.820111934278e-01,9.479662419486e-01,7.487301204784e-01
43.856427,1.082535278300e+00,1.828814742891e+00,1.689381195745e+00,7.462794645910e-01,4.450565355024e-01,1.087540706974e+00,3.534131011201e-01
43.923205,1.225207036360e+00,1.625704946263e+00,1.326881823249e+00,4.004979099028e-01,7.972185681729e-02,1.229049954801e+00,-3.921822505469e-02
43.989983,1.368786205622e+00,1.341912217472e+00,9.803665553913e-01,-2.687398814925e-02,-3.337531069667e-01,1.371634651603e+00,-4.219869221357e-01
44.056761,1.513249841106e+00,1.000821988947e+00,6.613726046817e-01,-5.124278521597e-01,-8.276974502774e-01,1.514737332275e+00,-7.796029399430e-01
44.123539,1.658426025181e+00,6.377526741967e-01,3.845529824744e-01,-1.020673350985e+00,-1.461542678719e+00,1.657877408714e+00,-1.091814579779e+00
44.190317,1.803925306869e+00,3.455729107069e-01,1.915671948229e-01,-1.458352396162e+00,-2.242481661713e+00,1.800526732152e+00,-1.340171061924e+00
44.257095,1.949105252530e+00,4.064363332754e-01,2.085245692852e-01,-1.542668919255e+00,-2.235068828805e+00,1.942054526614e+00,-1.515449256388e+00
44.323873,2.093074839885e+00,7.000540795952e-01,3.344620394144e-01,-1.393020760290e+00,-1.833866090470e+00,2.081716631407e+00,-1.622099618377e+00
44.390651,2.234738493829e+00,9.891591537613e-01,4.426285923354e-01,-1.245579340068e+00,-1.619148468825e+00,2.218676650420e+00,-1.677516625428e+00
44.457429,2.372873173480e+00,1.218862810489e+00,5.136653842738e-01,-1.154010362992e+00,-1.530284759259e+00,2.352044597057e+00,-1.706426167085e+00
44.524207,2.506227189522e+00,1.370037937570e+00,5.466535289768e-01,-1.136189251952e+00,-1.522718590074e+00,2.480929296910e+00,-1.733356562937e+00
44.590985,2.633626821453e+00,1.436088738081e+00,5.452893805542e-01,-1.197538083372e+00,-1.574800567521e+00,2.604495174004e+00,-1.776420010589e+00
44.657763,2.754076241686e+00,1.419808257381e+00,5.155297576335e-01,-1.334267984305e+00,-1.675642335328e+00,2.722015325744e+00,-1.844323641522e+00
44.724541,2.866837399497e+00,1.332774667342e+00,4.648937074617e-01,-1.534062732155e+00,-1.819155956411e+00,2.832913380096e+00,-1.936599521067e+00
44.791319,2.971479019979e+00,1.195216405643e+00,4.022294613582e-01,-1.776262614336e+00,-1.999792369194e+00,2.936788057226e+00,-2.045895535406e+00
44.858097,3.067887483710e+00,1.036204383708e+00,3.377582747769e-01,-2.031683100002e+00,-2.206414011415e+00,3.033416656138e+00,-2.161094632597e+00
44.924875,3.156236903940e+00,8.933842528321e-01,2.830536110001e-01,-2.262852651108e+00,-2.411499425903e+00,3.122736561802e+00,-2.270470959507e+00
44.991653,3.236920984365e+00,8.067974531317e-01,2.492484237424e-01,-2.430123531234e+00,-2.563927758665e+00,3.204806950417e+00,-2.364417538251e+00
45.058431,3.310454758962e+00,7.974972377721e-01,2.409026239108e-01,-2.512957521190e+00,-2.620448046671e+00,3.279755747167e+00,-2.437329777930e+00
45.125209,3.377359264712e+00,8.478823902472e-01,2.510489183387e-01,-2.529476874465e+00,-2.599201586565e+00,3.347719148854e+00,-2.488250200981e+00
45.191987,3.438045503534e+00,9.188440517981e-01,2.672576761575e-01,-2.519201451736e+00,-2.554445149069e+00,3.408782303449e+00,-2.520134011214e+00
45.258765,3.492714850819e+00,9.784144543939e-01,2.801300696404e-01,-2.514300396425e+00,-2.523180577275e+00,3.462929794144e+00,-2.538051737058e+00
45.325543,3.541291307599e+00,1.010944047460e+00,2.854732806901e-01,-2.530347260140e+00,-2.518098278830e+00,3.510013331755e+00,-2.547085974123e+00
45.392321,3.583397226314e+00,1.015469731342e+00,2.833818489018e-01,-2.567927494971e+00,-2.537271297752e+00,3.549741648557e+00,-2.550751915081e+00
45.459098,3.618378313325e+00,1.002613545149e+00,2.770891980688e-01,-2.615764768176e+00,-2.569441755662e+00,3.581694351515e+00,-2.550480868892e+00
45.525876,3.645375286993e+00,9.905279084827e-01,2.717217928198e-01,-2.654847378511e+00,-2.596435876195e+00,3.605357942020e+00,-2.546205728831e+00
45.592654,3.663430184766e+00,9.976268523695e-01,2.723204215868e-01,-2.665803332397e+00,-2.599175802928e+00,3.620178926693e+00,-2.537614441832e+00
45.659432,3.671609011816e+00,1.032561174857e+00,2.812285217553e-01,-2.639047836960e+00,-2.569217684297e+00,3.625626470633e+00,-2.525408523325e+00
45.726210,3.669121427566e+00,1.088200388351e+00,2.965833673903e-01,-2.580921039214e+00,-2.515379168802e+00,3.621255765367e+00,-2.511956560163e+00
45.792988,3.655421023507e+00,1.145254321515e+00,3.133029859353e-01,-2.510166701992e+00,-2.456795828153e+00,3.606763356634e+00,-2.500990957781e+00
45.859766,3.630274114057e+00,1.181134351804e+00,3.253567952982e-01,-2.449139762253e+00,-2.412141026082e+00,3.582027023042e+00,-2.496346839050e+00
45.926544,3.593789726150e+00,1.177104946372e+00,3.275386252586e-01,-2.416684779779e+00,-2.395356570876e+00,3.547125145708e+00,-2.500093947234e+00
45.993322,3.546408382181e+00,1.122210165316e+00,3.164356848903e-01,-2.424198216865e+00,-2.416570633365e+00,3.502333474103e+00,-2.510707160956e+00
46.060100,3.488852170761e+00,1.015736753283e+00,2.911378022250e-01,-2.473115417478e+00,-2.483531367952e+00,3.448100343540e+00,-2.522083575033e+00
46.126878,3.422043222163e+00,8.706456000321e-01,2.544227362160e-01,-2.551397622131e+00,-2.598995885655e+00,3.385004315358e+00,-2.524114409572e+00
46.193656,3.347001688563e+00,7.215515474566e-01,2.155814709990e-01,-2.625450141106e+00,-2.742481311933e+00,3.313700519937e+00,-2.505044495288e+00
46.260434,3.264737219181e+00,6.367703475037e-01,1.950449009380e-01,-2.627966871677e+00,-2.817704761022e+00,3.234863390111e+00,-2.455063777649e+00
46.327212,3.176149184854e+00,6.892817332488e-01,2.170180596477e-01,-2.486867451605e+00,-2.683444219564e+00,3.149133788932e+00,-2.369873024982e+00
46.393990,3.081950047362e+00,8.640454232242e-01,2.803567254323e-01,-2.217904624138e+00,-2.397254996188e+00,3.057077708624e+00,-2.252792723917e+00
46.460768,2.982623039695e+00,1.086623433052e+00,3.643180578270e-01,-1.895999606644e+00,-2.102531135653e+00,2.959161854672e+00,-2.114535301094e+00
46.527546,2.878419969518e+00,1.298859601103e+00,4.512404773652e-01,-1.579560368415e+00,-1.852996394254e+00,2.855748800456e+00,-1.970815687692e+00
46.594324,2.769398329082e+00,1.463972820935e+00,5.286248661168e-01,-1.305425508147e+00,-1.656106323345e+00,2.747111406415e+00,-1.838732271367e+00
46.661102,2.655490312376e+00,1.557690603401e+00,5.865924632229e-01,-1.097799708975e+00,-1.510054283498e+00,2.633463316315e+00,-1.732926703918e+00
46.727880,2.536591220377e+00,1.564473877789e+00,6.167623167745e-01,-9.721173425874e-01,-1.414092693791e+00,2.515000029459e+00,-1.662056855442e+00
46.794658,2.412652124998e+00,1.476627446820e+00,6.120349600012e-01,-9.360246781778e-01,-1.371692483153e+00,2.391943658082e+00,-1.625763771891e+00
46.861436,2.283761916641e+00,1.294352110003e+00,5.667631553760e-01,-9.894098066381e-01,-1.393637824619e+00,2.264584203091e+00,-1.612618219296e+00
46.928214,2.150206610475e+00,1.026100484541e+00,4.772101804274e-01,-1.124106125934e+00,-1.505362190733e+00,2.133311013583e+00,-1.600267424772e+00
46.994992,2.012498176391e+00,6.901842790915e-01,3.429490208679e-01,-1.322313897299e+00,-1.769550294238e+00,1.998629850669e+00,-1.559177803208e+00
47.061770,1.871370193809e+00,3.317346393673e-01,1.772683141288e-01,-1.539635554441e+00,-2.356761681708e+00,1.861163336100e+00,-1.460101351844e+00
47.128548,1.727742471822e+00,2.729668490353e-01,1.579904722417e-01,-1.454775622787e+00,-2.392036176806e+00,1.721635146281e+00,-1.283013947856e+00
47.195326,1.582660855663e+00,6.419701108025e-01,4.056270858697e-01,-9.406907448601e-01,-1.361428565596e+00,1.580842604083e+00,-1.023587613398e+00
47.262104,1.437221459774e+00,1.035979777798e+00,7.208212560098e-01,-4.012416819754e-01,-6.900757914531e-01,1.439620771816e+00,-6.937336199589e-01
47.328881,1.292490377934e+00,1.388129839887e+00,1.073996266112e+00,9.563946195237e-02,-1.851843633725e-01,1.298811610211e+00,-3.159557834766e-01
47.395659,1.149430417449e+00,1.671050490361e+00,1.453807438009e+00,5.216200729125e-01,2.349194038051e-01,1.159253706885e+00,8.556029136608e-02
47.462437,1.008845473824e+00,1.866232221187e+00,1.849869251147e+00,8.573867473623e-01,6.063083797388e-01,1.021818399119e+00,4.927455188614e-01
47.529215,8.713507216649e-01,1.961736611393e+00,2.251374288926e+00,1.090385889728e+00,9.492515424960e-01,8.875256187689e-01,8.971159366665e-01
47.595993,7.373729221468e-01,1.951909421632e+00,2.647112964155e+00,1.214536499485e+00,1.278131113199e+00,7.577652910475e-01,1.298066302198e+00
47.662771,6.071802308457e-01,1.837180904468e+00,3.025758763439e+00,1.230000673623e+00,1.606091502245e+00,6.346078529664e-01,1.697151402952e+00
47.729549,4.809357273576e-01,1.623745067873e+00,3.376220512445e+00,1.142809340515e+00,1.948778533030e+00,5.211009754667e-01,2.090702310221e+00
47.796327,3.587645806443e-01,1.323124193663e+00,3.688001171372e+00,9.643596130188e-01,2.330173493135e+00,4.213502407380e-01,2.463872854787e+00
47.863105,2.408224381161e-01,9.516180277296e-01,3.951533898477e+00,7.107955896135e-01,2.797799220605e+00,3.401535064220e-01,2.789439920133e+00
47.929883,1.273534788315e-01,5.295964594787e-01,4.158476582956e+00,4.022429806472e-01,3.485937562022e+00,2.820918096424e-01,3.033411771156e+00
47.996661,1.876527728630e-02,8.072731648896e-02,4.301951698195e+00,6.196203920265e-02,5.434815872750e+00,2.502695942523e-01,3.166196575342e+00
48.063439,8.460649342511e-02,3.702991768040e-01,4.376722894582e+00,2.856926833789e-01,3.946044507646e+00,2.451848619259e-01,3.174272397746e+00
48.130217,1.819536717751e-01,7.968304760758e-01,4.379304183873e+00,6.148768043007e-01,3.180893024634e+00,2.642658599028e-01,3.065995346871e+00
48.196995,2.726671991513e-01,1.174650852160e+00,4.308002047243e+00,9.019836530085e-01,2.759977512685e+00,3.023340699553e-01,2.868176282439e+00
48.263773,3.560319445478e-01,1.482123708228e+00,4.162895298934e+00,1.126091763681e+00,2.458945637788e+00,3.527971870154e-01,2.615492042805e+00
48.330551,4.313756219955e-01,1.702105565016e+00,3.945762064954e+00,1.270729943020e+00,2.213418163675e+00,4.090449882442e-01,2.338731382704e+00
48.397329,4.981241087603e-01,1.823118356805e+00,3.659968117871e+00,1.324994248045e+00,1.994360455039e+00,4.655176990257e-01,2.057604878668e+00
48.464107,5.558478091811e-01,1.840043781301e+00,3.310337381758e+00,1.284195972119e+00,1.784310858914e+00,5.181872625093e-01,1.780397536135e+00
48.530885,6.042905666496e-01,1.754278631859e+00,2.903038254570e+00,1.149988065210e+00,1.569457988667e+00,5.645114006388e-01,1.509026760463e+00
48.597663,6.433770678307e-01,1.573413876600e+00,2.445554800243e+00,9.300368087689e-01,1.335296316329e+00,6.030968085463e-01,1.246169711697e+00
48.664441,6.731978160334e-01,1.310674070940e+00,1.946937497010e+00,6.374762549071e-01,1.061973684499e+00,6.333046122422e-01,1.001055114249e+00
48.731219,6.939739714011e-01,9.848196436962e-01,1.419101701621e+00,2.908456722951e-01,7.153448913068e-01,6.549311095437e-01,7.913903332969e-01
48.797997,7.060074739491e-01,6.239090057475e-01,8.837144488819e-01,-8.209846820167e-02,2.245081650607e-01,6.679969169708e-01,6.403303011813e-01
48.864775,7.096244603605e-01,3.072865451306e-01,4.330269914519e-01,-4.023379152299e-01,-4.939358390570e-01,6.726238845199e-01,5.694480860961e-01
48.931553,7.051215119901e-01,3.785816087464e-01,5.369026505488e-01,-3.265399032436e-01,-2.725533512124e-01,6.689685338970e-01,5.907990565480e-01
48.998331,6.927242045224e-01,7.242781865367e-01,1.045550569488e+00,3.155398201432e-02,4.116669397055e-01,6.571885233751e-01,7.021012691231e-01
49.065109,6.725654913721e-01,1.077381280112e+00,1.601897947387e+00,4.048157887403e-01,8.678449306709e-01,6.374341846436e-01,8.875805730710e-01
49.131886,6.446878332426e-01,1.386585321451e+00,2.150785620502e+00,7.418974882084e-01,1.204822239091e+00,6.098658285808e-01,1.124051404540e+00
49.198664,6.090684117274e-01,1.628672974823e+00,2.674039473175e+00,1.019604563096e+00,1.479414923470e+00,5.747068917997e-01,1.388898267607e+00
49.265442,5.656623198446e-01,1.787300474150e+00,3.159659767759e+00,1.221638154306e+00,1.720222340240e+00,5.323655524173e-01,1.666115012876e+00
49.332220,5.144553762192e-01,1.850842319624e+00,3.597673200009e+00,1.336386943405e+00,1.944933762961e+00,4.836267913341e-01,1.947808460074e+00
49.398998,4.555168394253e-01,1.812646388662e+00,3.979318066373e+00,1.357129549237e+00,2.167433058374e+00,4.299169810188e-01,2.230988567892e+00
49.465776,3.890429111340e-01,1.671695806610e+00,4.296944524031e+00,1.282652895476e+00,2.401969824363e+00,3.735508800242e-01,2.511160515344e+00
49.532554,3.153841481604e-01,1.433145754221e+00,4.544127415979e+00,1.117761606061e+00,2.667799586709e+00,3.177784672048e-01,2.775383927092e+00
49.599332,2.350533117804e-01,1.108476461260e+00,4.715851280138e+00,8.734231494799e-01,2.998872378935e+00,2.664048397920e-01,2.998043961491e+00
49.666110,1.487158078947e-01,7.151314770649e-01,4.808711912932e+00,5.664156691702e-01,3.476147378557e+00,2.228818788740e-01,3.142343149472e+00
49.732888,5.720492156613e-02,2.757908458761e-01,4.821103470219e+00,2.185859243100e-01,4.434118180523e+00,1.891003758602e-01,3.168763258655e+00
49.799666,3.918814032585e-02,1.862756967617e-01,4.753369137007e+00,1.470875564358e-01,4.798234779288e+00,1.644797289302e-01,3.048474951696e+00
49.866444,1.385858409733e-01,6.385894574086e-01,4.607898273906e+00,5.000036164353e-01,3.504037202099e+00,1.460253186695e-01,2.776397174176e+00
49.933222,2.408443944908e-01,1.057103856894e+00,4.389156987145e+00,8.162594624032e-01,2.902741398421e+00,1.295759994665e-01,2.377603369767e+00
50.000000,3.450995185150e-01,1.416165320636e+00,4.103643281596e+00,1.071065802121e+00,2.475797628485e+00,1.116926708258e-01,1.903172690788e+00
