t,abs_zeta,neglog,mollifier_score
0.500000,1.078589014877e+00,-7.565372018343e-02,1.294477086370e-01
0.561952,1.014505363716e+00,-1.440116830897e-02,1.459390654944e-01
0.623905,9.547379546679e-01,4.631836812451e-02,1.634490568241e-01
0.685857,9.012557339527e-01,1.039662270715e-01,1.818907473638e-01
0.747810,8.552349626681e-01,1.563790364914e-01,2.011597871433e-01
0.809762,8.169184310578e-01,2.022160274688e-01,2.211365720207e-01
0.871715,7.856384068876e-01,2.412586332597e-01,2.416888318867e-01
0.933667,7.600240235381e-01,2.744052349670e-01,2.626745382637e-01
0.995620,7.383417210742e-01,3.033485235098e-01,2.839450187126e-01
1.057572,7.188683247556e-01,3.300770732820e-01,3.053481614696e-01
1.119524,7.002004794340e-01,3.563885843236e-01,3.267315949469e-01
1.181477,6.814467746284e-01,3.835371297533e-01,3.479457362125e-01
1.243429,6.622940179235e-01,4.120456842983e-01,3.688466190906e-01
1.305382,6.429648489953e-01,4.416652218759e-01,3.892984309676e-01
1.367334,6.240909654097e-01,4.714591417348e-01,4.091757017658e-01
1.429287,6.065261952698e-01,5.000073590002e-01,4.283650964716e-01
1.491239,5.911268859052e-01,5.257245859653e-01,4.467667680540e-01
1.553191,5.785367545216e-01,5.472531984607e-01,4.642952383364e-01
1.615144,5.690231063078e-01,5.638342352976e-01,4.808797952300e-01
1.677096,5.624081853760e-01,5.755273824465e-01,4.964644232091e-01
1.739049,5.581149585670e-01,5.831903170907e-01,5.110073123112e-01
1.801001,5.553089421367e-01,5.882306658098e-01,5.244800124439e-01
1.862954,5.530880655366e-01,5.922380378126e-01,5.368663120284e-01
1.924906,5.506665242094e-01,5.966258704530e-01,5.481609246142e-01
1.986859,5.475131728283e-01,6.023687557941e-01,5.583680668243e-01
2.048811,5.434259503380e-01,6.098618257913e-01,5.675000073523e-01
2.110763,5.385397676281e-01,6.188939343640e-01,5.755756592511e-01
2.172716,5.332738340528e-01,6.287202249216e-01,5.826192747305e-01
2.234668,5.282291533982e-01,6.382250848865e-01,5.886592823453e-01
2.296621,5.240523691566e-01,6.461636566081e-01,5.937272830939e-01
2.358573,5.212899532450e-01,6.514488579770e-01,5.978572000049e-01
2.420526,5.202639324000e-01,6.534190319431e-01,6.011093322579e-01
2.482478,5.210003948888e-01,6.520044773657e-01,6.034686838575e-01
2.544431,5.232299643500e-01,6.477342072568e-01,6.049795244108e-01
2.606383,5.264579452808e-01,6.415838247088e-01,6.056851921852e-01
2.668335,5.300811835590e-01,6.347251057535e-01,6.056277478332e-01
2.730288,5.335187611447e-01,6.282610408274e-01,6.048475538663e-01
2.792240,5.363264450890e-01,6.230122620909e-01,6.033828545080e-01
2.854193,5.382748831375e-01,6.193859122457e-01,6.012694667322e-01
2.916145,5.393821729747e-01,6.173309167005e-01,5.985406720918e-01
2.978098,5.398993333750e-01,6.163725746258e-01,5.952273312338e-01
3.040050,5.402528022799e-01,6.157180947517e-01,5.913581749136e-01
3.102003,5.409533832853e-01,6.144221696794e-01,5.869601922122e-01
3.163955,5.424872879620e-01,6.115906243267e-01,5.820590384038e-01
3.225907,5.452109812155e-01,6.065824359006e-01,5.766794015283e-01
3.287860,5.492739817012e-01,5.991579042170e-01,5.708452821791e-01
3.349812,5.545889862616e-01,5.895280030808e-01,5.645801519524e-01
3.411765,5.608563770052e-01,5.782904169216e-01,5.579069685721e-01
3.473717,5.676348950151e-01,5.662768556440e-01,5.508480489522e-01
3.535670,5.744387285083e-01,5.543618374970e-01,5.434248380244e-01
3.597622,5.808375236531e-01,5.432842089961e-01,5.356576484621e-01
3.659574,5.865391270039e-01,5.335158986997e-01,5.275654604061e-01
3.721527,5.914415623771e-01,5.251923943967e-01,5.191658465626e-01
3.783479,5.956475595582e-01,5.181061281733e-01,5.104750393531e-01
3.845432,5.994406731672e-01,5.117582682650e-01,5.015081125623e-01
3.907384,6.032271467380e-01,5.054614571041e-01,4.922792293756e-01
3.969337,6.074530509830e-01,4.984803874402e-01,4.828019094043e-01
4.031289,6.125117745615e-01,4.901871113415e-01,4.730892759436e-01
4.093242,6.186610068575e-01,4.801978011280e-01,4.631542517265e-01
4.155194,6.259682879268e-01,4.684555658316e-01,4.530096762148e-01
4.217146,6.342982934818e-01,4.552359391654e-01,4.426683252904e-01
4.279099,6.433443927645e-01,4.410750935190e-01,4.321428305730e-01
4.341051,6.526956068091e-01,4.266444026280e-01,4.214455205243e-01
4.403004,6.619222732603e-01,4.126071404212e-01,4.105882302977e-01
4.464956,6.706615631420e-01,3.994906445977e-01,3.995821379242e-01
4.526909,6.786865905487e-01,3.875958315473e-01,3.884376725477e-01
4.588861,6.859478195497e-01,3.769537174878e-01,3.771645122150e-01
4.650814,6.925808311913e-01,3.673303225466e-01,3.657716605495e-01
4.712766,6.988795681378e-01,3.582768418097e-01,3.542675762472e-01
4.774718,7.052391771317e-01,3.492182739442e-01,3.426603276316e-01
4.836671,7.120778193945e-01,3.395680752358e-01,3.309577489948e-01
4.898623,7.197518042763e-01,3.288488412939e-01,3.191675789530e-01
4.960576,7.284815117008e-01,3.167930308813e-01,3.072975618934e-01
5.022528,7.383047707989e-01,3.033985697130e-01,2.953554953009e-01
5.084481,7.490686691824e-01,2.889246171810e-01,2.833492130974e-01
5.146433,7.604614532852e-01,2.738298532679e-01,2.712865096369e-01
5.208385,7.720764813706e-01,2.586716634363e-01,2.591750264214e-01
5.270338,7.834934625952e-01,2.439925597925e-01,2.470221353217e-01
5.332290,7.943600459085e-01,2.302184609343e-01,2.348348509701e-01
5.394243,8.044586121586e-01,2.175857580512e-01,2.226197913426e-01
5.456195,8.137471394626e-01,2.061055994900e-01,2.103831874494e-01
5.518148,8.223677485739e-01,1.955676000625e-01,1.981309300247e-01
5.580100,8.306213740606e-01,1.855812136348e-01,1.858686374263e-01
5.642053,8.389120283256e-01,1.756494298291e-01,1.736017320689e-01
5.704005,8.476694269918e-01,1.652645446734e-01,1.613355169871e-01
5.765957,8.572637537214e-01,1.540096425985e-01,1.490752454427e-01
5.827910,8.679295773840e-01,1.416446985071e-01,1.368261748305e-01
5.889862,8.797155534593e-01,1.281566573301e-01,1.245935949889e-01
5.951815,8.924715722237e-01,1.137606165654e-01,1.123828243916e-01
6.013767,9.058764241563e-01,9.885237831666e-02,1.001991765187e-01
6.075720,9.194996150014e-01,8.392565255464e-02,8.804790927387e-02
6.137672,9.328838009463e-01,6.947462828498e-02,7.593417639900e-02
6.199625,9.456312082402e-01,5.590262817929e-02,6.386299735365e-02
6.261577,9.574781914477e-01,4.345233369821e-02,5.183925235651e-02
6.323529,9.683453872139e-01,3.216644933963e-02,3.986769791820e-02
6.385482,9.783553138423e-01,2.188236731782e-02,2.795299110014e-02
6.447434,9.878140313347e-01,1.226082533299e-02,1.609971043670e-02
6.509387,9.971585897659e-01,2.845453700489e-03,4.312366527395e-03
6.571339,1.006877591755e+00,-6.854049997627e-03,-7.404597900316e-03
6.633292,1.017417883446e+00,-1.726793183036e-02,-1.904681379279e-02
6.695244,1.029094841535e+00,-2.867962222057e-02,-3.060999180730e-02
6.757196,1.042024976239e+00,-4.116591352277e-02,-4.208992532165e-02
6.819149,1.056096101898e+00,-5.457918767571e-02,-5.348249017023e-02
6.881101,1.070982344888e+00,-6.857630756466e-02,-6.478364169403e-02
6.943054,1.086201086382e+00,-8.268636770641e-02,-7.598940776633e-02
7.005006,1.101199938048e+00,-9.640043893597e-02,-8.709587407481e-02
7.066959,1.115456590000e+00,-1.092638197449e-01,-9.809915820840e-02
7.128911,1.128573468112e+00,-1.209544184897e-01,-1.089953730508e-01
7.190864,1.140351512279e+00,-1.313365598598e-01,-1.197805857369e-01
7.252816,1.150831425340e+00,-1.404846605774e-01,-1.304507828830e-01
7.314768,1.160295354431e+00,-1.486745894601e-01,-1.410018538918e-01
7.376721,1.169226946172e+00,-1.563428015194e-01,-1.514296017459e-01
7.438673,1.178233411146e+00,-1.640162083405e-01,-1.617297858501e-01
7.500626,1.187939813845e+00,-1.722205587519e-01,-1.718981952806e-01
7.562578,1.198872514472e+00,-1.813815446810e-01,-1.819307440788e-01
7.624531,1.211353544817e+00,-1.917383673119e-01,-1.918235740282e-01
7.686483,1.225428132031e+00,-2.032902792886e-01,-2.015731460621e-01
7.748436,1.240841999931e+00,-2.157901821871e-01,-2.111763005543e-01
7.810388,1.257074376371e+00,-2.287870983993e-01,-2.206302700593e-01
7.872340,1.273420261945e+00,-2.417064009486e-01,-2.299326351403e-01
7.934293,1.289105660007e+00,-2.539486918985e-01,-2.390812229603e-01
7.996245,1.303414733827e+00,-2.649875397675e-01,-2.480739569409e-01
8.058198,1.315808217425e+00,-2.744510916035e-01,-2.569086721541e-01
8.120150,1.326015979541e+00,-2.821789433808e-01,-2.655829145374e-01
8.182103,1.334091287217e+00,-2.882503770991e-01,-2.740937429904e-01
8.244055,1.340418835716e+00,-2.929821298381e-01,-2.824375528119e-01
8.306008,1.345673041299e+00,-2.968942910904e-01,-2.906099374002e-01
8.367960,1.350728294997e+00,-3.006439255001e-01,-2.986056026682e-01
8.429912,1.356529716354e+00,-3.049297602520e-01,-3.064183447130e-01
8.491865,1.363941299809e+00,-3.103785238976e-01,-3.140410954171e-01
8.553817,1.373596302238e+00,-3.174323393030e-01,-3.214660329537e-01
8.615770,1.385778743540e+00,-3.262622520503e-01,-3.286847458154e-01
8.677722,1.400361528230e+00,-3.367304384487e-01,-3.356884321969e-01
8.739675,1.416815202648e+00,-3.484115384059e-01,-3.424681135841e-01
8.801627,1.434285165283e+00,-3.606665831347e-01,-3.490148431712e-01
8.863579,1.451720325450e+00,-3.727492852128e-01,-3.553198950198e-01
8.925532,1.468027815389e+00,-3.839198785068e-01,-3.613749259504e-01
8.987484,1.482227616435e+00,-3.935461030936e-01,-3.671721065026e-01
9.049437,1.493585411900e+00,-4.011795467943e-01,-3.727042190335e-01
9.111389,1.501708102511e+00,-4.066031959142e-01,-3.779647210474e-01
9.173342,1.506592198824e+00,-4.098502790591e-01,-3.829477718096e-01
9.235294,1.508620650629e+00,-4.111957576112e-01,-3.876482213406e-01
9.297247,1.508508879001e+00,-4.111216662428e-01,-3.920615630543e-01
9.359199,1.507205697407e+00,-4.102574056227e-01,-3.961838536323e-01
9.421151,1.505759714436e+00,-4.092975651449e-01,-4.000116049249e-01
9.483104,1.505167392665e+00,-4.089041170427e-01,-4.035416519991e-01
9.545056,1.506224663637e+00,-4.096062979571e-01,-4.067709994482e-01
9.607009,1.509407305388e+00,-4.117170614480e-01,-4.096966465334e-01
9.668961,1.514802990591e+00,-4.152853919518e-01,-4.123153927091e-01
9.730914,1.522108680000e+00,-4.200966635920e-01,-4.146236293677e-01
9.792866,1.530692976742e+00,-4.257205594928e-01,-4.166171297485e-01
9.854819,1.539709007046e+00,-4.315934427568e-01,-4.182908539239e-01
9.916771,1.548234190958e+00,-4.371150505195e-01,-4.196387869447e-01
9.978723,1.555411095942e+00,-4.417398817149e-01,-4.206538249192e-01
10.040676,1.560567345565e+00,-4.450494388399e-01,-4.213277173669e-01
10.102628,1.563299404059e+00,-4.467985910336e-01,-4.216510670249e-01
10.164581,1.563512277436e+00,-4.469347510582e-01,-4.216133823533e-01
10.226533,1.561413359324e+00,-4.455914112984e-01,-4.212031741400e-01
10.288486,1.557463682200e+00,-4.430586540397e-01,-4.204080853652e-01
10.350438,1.552294229718e+00,-4.397339854409e-01,-4.192150416491e-01
10.412390,1.546599145583e+00,-4.360584213907e-01,-4.176104069913e-01
10.474343,1.541021437646e+00,-4.324454684059e-01,-4.155801260507e-01
10.536295,1.536049143579e+00,-4.292136293820e-01,-4.131098314581e-01
10.598248,1.531939491863e+00,-4.265345750183e-01,-4.101848953406e-01
10.660200,1.528684350620e+00,-4.244074645756e-01,-4.067904104069e-01
10.722153,1.526022488094e+00,-4.226646700366e-01,-4.029110970347e-01
10.784105,1.523494738954e+00,-4.210068668312e-01,-3.985311453103e-01
10.846058,1.520529833177e+00,-4.190588492364e-01,-3.936340104070e-01
10.908010,1.516543711204e+00,-4.164338721319e-01,-3.882021832473e-01
10.969962,1.511034456073e+00,-4.127944871822e-01,-3.822169562339e-01
11.031915,1.503657800329e+00,-4.079006739279e-01,-3.756581982430e-01
11.093867,1.494272981059e+00,-4.016397889345e-01,-3.685041466585e-01
11.155820,1.482954079189e+00,-3.940360985424e-01,-3.607312185299e-01
11.217772,1.469967042634e+00,-3.852399812428e-01,-3.523138382428e-01
11.279725,1.455717089582e+00,-3.754986249754e-01,-3.432242748461e-01
11.341677,1.440675094340e+00,-3.651118199363e-01,-3.334324773972e-01
11.403630,1.425294711025e+00,-3.543786077934e-01,-3.229058904169e-01
11.465582,1.409933879481e+00,-3.435428100150e-01,-3.116092235954e-01
11.527534,1.394794224498e+00,-3.327468957895e-01,-2.995041413177e-01
11.589487,1.379889109839e+00,-3.220031414760e-01,-2.865488302263e-01
11.651439,1.365045840477e+00,-3.111880115730e-01,-2.726973976958e-01
11.713392,1.349940780633e+00,-3.000607260310e-01,-2.578990482536e-01
11.775344,1.334159723740e+00,-2.883016740138e-01,-2.420969710769e-01
11.837297,1.317271421482e+00,-2.755624930096e-01,-2.252268359583e-01
11.899249,1.298900679225e+00,-2.615182761239e-01,-2.072147129543e-01
11.961202,1.278788732063e+00,-2.459133276104e-01,-1.879740480509e-01
12.023154,1.256831855598e+00,-2.285941550268e-01,-1.674008911877e-01
12.085106,1.233093279553e+00,-2.095258746483e-01,-1.453653560725e-01
12.147059,1.207787663303e+00,-1.887903094787e-01,-1.216929075611e-01
12.209011,1.181241256558e+00,-1.665657987889e-01,-9.610432324696e-02
12.270964,1.153834252365e+00,-1.430905298370e-01,-6.757471456145e-02
12.332916,1.125934582512e+00,-1.186134316814e-01,-3.774035565315e-02
12.394869,1.097834142319e+00,-9.333927823415e-02,-5.931165540832e-03
12.456821,1.069698595257e+00,-6.737692305138e-02,2.809074986220e-02
12.518773,1.041539982751e+00,-4.070037152553e-02,6.451489634114e-02
12.580726,1.013217299348e+00,-1.313071395780e-02,1.035136807144e-01
12.642678,9.844647005903e-01,1.565723569470e-02,1.452445533223e-01
12.704631,9.549414728080e-01,4.610522435002e-02,1.898452652807e-01
12.766583,9.242938256518e-01,7.872526367801e-02,2.374260776051e-01
12.828536,8.922169465769e-01,1.140459612018e-01,2.880600607069e-01
12.890488,8.585066532290e-01,1.525608476799e-01,3.417720605824e-01
12.952441,8.230927027455e-01,1.946864434026e-01,3.985268254290e-01
13.014393,7.860493859398e-01,2.407356552701e-01,4.582168457907e-01
13.076345,7.475826428679e-01,2.909104194702e-01,5.206505637020e-01
13.138298,7.079961638034e-01,3.453166022475e-01,5.855417090310e-01
13.200250,6.676416904889e-01,4.040036393407e-01,6.525005984111e-01
13.262203,6.268610143542e-01,4.670304290226e-01,7.210282649841e-01
13.324155,5.859288486640e-01,5.345569137324e-01,7.905142617963e-01
13.386108,5.450064193583e-01,6.069577039144e-01,8.602388889483e-01
13.448060,5.041146673087e-01,6.849515203032e-01,9.293804305527e-01
13.510013,4.631329304869e-01,7.697411570608e-01,9.970277542080e-01
13.571965,4.218240679764e-01,8.631669500326e-01,1.062198331850e+00
13.633917,3.798813011682e-01,9.678964377724e-01,1.123861402437e+00
13.695870,3.369873020969e-01,1.087710025610e+00,1.180965636708e+00
13.757822,2.928737844300e-01,1.228013529222e+00,1.232470310367e+00
13.819775,2.473706003024e-01,1.396867656714e+00,1.277378675256e+00
13.881727,2.004365227881e-01,1.607257671946e+00,1.314771969070e+00
13.943680,1.521683700607e-01,1.882767666841e+00,1.343842349435e+00
14.005632,1.027907782298e-01,2.275059626192e+00,1.363922997476e+00
14.067584,5.264797818758e-02,2.944127423141e+00,1.374513719391e+00
14.129537,4.416317001480e-03,5.422448961395e+00,1.375300581206e+00
14.191489,4.915292251115e-02,3.012818952751e+00,1.366168429720e+00
14.253442,9.970346309932e-02,2.305554857389e+00,1.347205559318e+00
14.315394,1.499628851632e-01,1.897367441079e+00,1.318700249115e+00
14.377347,1.998373598569e-01,1.610251438972e+00,1.281129381462e+00
14.439299,2.494059157786e-01,1.388673521966e+00,1.235139822396e+00
14.501252,2.988751396718e-01,1.207729382533e+00,1.181523660093e+00
14.563204,3.485359027639e-01,1.054014030375e+00,1.121188726588e+00
14.625156,3.987059926153e-01,9.195309918128e-01,1.055126047794e+00
14.687109,4.496663473729e-01,7.992494192865e-01,9.843759643455e-01
14.749061,5.016028203015e-01,6.899466650749e-01,9.099946398260e-01
14.811014,5.545649899022e-01,5.895712727439e-01,8.330225332374e-01
14.872966,6.084498472157e-01,4.968407886600e-01,7.544561775883e-01
14.934919,6.630127193618e-01,4.109611029142e-01,6.752243017866e-01
14.996871,7.179023582895e-01,3.314217090289e-01,5.961689875282e-01
15.058824,7.727131299962e-01,2.578474105333e-01,5.180321964647e-01
15.120776,8.270451868506e-01,1.898959447612e-01,4.414476632982e-01
15.182728,8.805631511620e-01,1.271936305491e-01,3.669378510085e-01
15.244681,9.330446473890e-01,6.930222462918e-02,2.949154226108e-01
15.306633,9.844115653553e-01,1.571121088447e-02,2.256885102189e-01
15.368586,1.034739055246e+00,-3.414927536075e-02,1.594689599153e-01
15.430538,1.084239985347e+00,-8.087926813362e-02,9.638269612985e-02
15.492491,1.133225975871e+00,-1.250684121768e-01,3.648137193767e-02
15.554443,1.182049965437e+00,-1.672501908795e-01,-2.024546252701e-02
15.616395,1.231038988679e+00,-2.078585198764e-01,-7.385835026717e-02
15.678348,1.280428508749e+00,-2.471947951487e-01,-1.244566593200e-01
15.740300,1.330310272745e+00,-2.854122035561e-01,-1.721685806191e-01
15.802253,1.380603687901e+00,-3.225208592384e-01,-2.171429818368e-01
15.864205,1.431056413921e+00,-3.584129232219e-01,-2.595442035318e-01
15.926158,1.481274310015e+00,-3.929027382664e-01,-2.995532725777e-01
15.988110,1.530775516896e+00,-4.257744814289e-01,-3.373946791748e-01
16.050063,1.579059508625e+00,-4.568294227361e-01,-3.737696821918e-01
16.112015,1.625679985440e+00,-4.859261814485e-01,-4.070284018293e-01
16.173967,1.670310412252e+00,-5.130094853544e-01,-4.381491524973e-01
16.235920,1.712792393728e+00,-5.381250180263e-01,-4.674178171601e-01
16.297872,1.753159454346e+00,-5.614195632089e-01,-4.950063784478e-01
16.359825,1.791631879142e+00,-5.831268694226e-01,-5.210398478348e-01
16.421777,1.828581957715e+00,-6.035407805260e-01,-5.456162825663e-01
16.483730,1.864473152959e+00,-6.229785220126e-01,-5.688157517573e-01
16.545682,1.899781060859e+00,-6.417386489324e-01,-5.907052881917e-01
16.607635,1.934907848854e+00,-6.600597025331e-01,-6.113419932208e-01
16.669587,1.970104168382e+00,-6.780864192110e-01,-6.307751449614e-01
16.731539,2.005412373380e+00,-6.958497126183e-01,-6.490476992901e-01
16.793492,2.040641801822e+00,-7.132643676036e-01,-6.661973843850e-01
16.855444,2.075381343990e+00,-7.301449175151e-01,-6.822575041094e-01
16.917397,2.109047834614e+00,-7.462365828961e-01,-6.972575239082e-01
16.979349,2.140962632354e+00,-7.612555565613e-01,-7.112234910093e-01
17.041302,2.170444439924e+00,-7.749319580671e-01,-7.241783280631e-01
17.103254,2.196904553449e+00,-7.870493488763e-01,-7.361420311922e-01
17.165207,2.219931112120e+00,-7.974761652765e-01,-7.471317976499e-01
17.227159,2.239350910383e+00,-8.061860521709e-01,-7.571621039513e-01
17.289111,2.255260278701e+00,-8.132653896648e-01,-7.662447520094e-01
17.351064,2.268020035682e+00,-8.189072203424e-01,-7.743888981646e-01
17.413016,2.278213461431e+00,-8.233915667063e-01,-7.816010776627e-01
17.474969,2.286570672956e+00,-8.270531728691e-01,-7.878852346734e-01
17.536921,2.293867594582e+00,-8.302392993351e-01,-7.932427650276e-01
17.598874,2.300812406016e+00,-8.332622810090e-01,-7.976725754261e-01
17.660826,2.307935913009e+00,-8.363535813666e-01,-8.011711592170e-01
17.722778,2.315503430428e+00,-8.396271288757e-01,-8.037326853901e-01
17.784731,2.323463479247e+00,-8.430589518582e-01,-8.053490945738e-01
17.846683,2.331442803496e+00,-8.464873053318e-01,-8.060101937125e-01
17.908636,2.338789104804e+00,-8.496333192803e-01,-8.057037397373e-01
17.970588,2.344654561729e+00,-8.521380830428e-01,-8.044155018213e-01
18.032541,2.348106684691e+00,-8.536093377696e-01,-8.021292916104e-01
18.094493,2.348249465605e+00,-8.536701427468e-01,-7.988269509339e-01
18.156446,2.344337232946e+00,-8.520027325037e-01,-7.944882866274e-01
18.218398,2.335865877173e+00,-8.483826481519e-01,-7.890909419107e-01
18.280350,2.322630741285e+00,-8.427004838934e-01,-7.826101930107e-01
18.342303,2.304746181146e+00,-8.349705541798e-01,-7.750186582004e-01
18.404255,2.282626670950e+00,-8.253268289681e-01,-7.662859039051e-01
18.466208,2.256932591870e+00,-8.140066315810e-01,-7.563779283939e-01
18.528160,2.228486464971e+00,-8.013226402297e-01,-7.452564966459e-01
18.590113,2.198168467943e+00,-7.876244995152e-01,-7.328782880736e-01
18.652065,2.166803511813e+00,-7.732530459988e-01,-7.191937978213e-01
18.714018,2.135054878874e+00,-7.584923512093e-01,-7.041458941155e-01
18.775970,2.103340135721e+00,-7.435266224540e-01,-6.876678605504e-01
18.837922,2.071782770704e+00,-7.284094789901e-01,-6.696805993952e-01
18.899875,2.040207598965e+00,-7.130515673671e-01,-6.500883191587e-01
18.961827,2.008180368721e+00,-6.972290233537e-01,-6.287710810538e-01
19.023780,1.975084068912e+00,-6.806109644910e-01,-6.055693754476e-01
19.085732,1.940218290335e+00,-6.628004880517e-01,-5.802399933176e-01
19.147685,1.902905075068e+00,-6.433817058655e-01,-5.521551374803e-01
19.209637,1.862585256321e+00,-6.219654459665e-01,-5.220712052067e-01
19.271589,1.818892526802e+00,-5.982278146693e-01,-4.898380115865e-01
19.333542,1.771697074618e+00,-5.719378870150e-01,-4.551971745865e-01
19.395494,1.721115420496e+00,-5.429725815091e-01,-4.179612325725e-01
19.457447,1.667487382138e+00,-5.113179324447e-01,-3.779627190931e-01
19.519399,1.611324665418e+00,-4.770566148760e-01,-3.350490154928e-01
19.581352,1.553238498492e+00,-4.403421057766e-01,-2.890860683500e-01
19.643304,1.493856055738e+00,-4.013607345038e-01,-2.399655971802e-01
19.705257,1.433737040883e+00,-3.602843515013e-01,-1.876143444986e-01
19.767209,1.373302323852e+00,-3.172182954470e-01,-1.320047065701e-01
19.829161,1.312785418461e+00,-2.721511542885e-01,-7.316622743552e-02
19.891114,1.252214472926e+00,-2.249135630597e-01,-1.119740639630e-02
19.953066,1.191427480526e+00,-1.751521525290e-01,5.372281576950e-02
20.015019,1.130117497869e+00,-1.223216086185e-01,1.213246172005e-01
20.076971,1.067899227624e+00,-6.569338086563e-02,1.912386979355e-01
20.138924,1.004384818735e+00,-4.375234422876e-03,2.629903536406e-01
20.200876,9.392559668513e-01,6.266724070067e-02,3.359970275540e-01
20.262829,8.723212387893e-01,1.365975286599e-01,4.095700644195e-01
20.324781,8.035511292377e-01,2.187144614325e-01,4.829212385120e-01
20.386733,7.330875599227e-01,3.104901286735e-01,5.551744097196e-01
20.448686,6.612284312075e-01,4.136559130409e-01,6.253823857319e-01
20.510638,5.883909410712e-01,5.303636845419e-01,6.925487503098e-01
20.572591,5.150595970386e-01,6.634726606671e-01,7.556540788797e-01
20.634543,4.417262814500e-01,8.170648592067e-01,8.136856289626e-01
20.696496,3.688305351972e-01,9.974179919279e-01,8.656692919050e-01
20.758448,2.967084510539e-01,1.215005265222e+00,9.107023513088e-01
20.820401,2.255582207790e-01,1.489176963657e+00,9.479854367015e-01
20.882353,1.554301653301e-01,1.861558739359e+00,9.768520070964e-01
20.944305,8.625830375146e-02,2.450408940732e+00,9.967937592139e-01
21.006258,1.836972953364e-02,3.997051048690e+00,1.007480530991e+00
21.068210,5.085533295127e-02,2.978770266192e+00,1.008773554028e+00
21.130163,1.185950780422e-01,2.132040285335e+00,1.000731280069e+00
21.192115,1.864475405945e-01,1.679605357778e+00,9.836074389871e-01
21.254068,2.543859165622e-01,1.368902804543e+00,9.578414452587e-01
21.316020,3.223284233698e-01,1.132184301776e+00,9.240417201533e-01
21.377972,3.900652350018e-01,9.414412820473e-01,8.829629023400e-01
21.439925,4.572714074048e-01,7.824781728950e-01,8.354782495761e-01
21.501877,5.235432272990e-01,6.471356765335e-01,7.825487652739e-01
21.563830,5.884461469419e-01,5.302698637894e-01,7.251907022218e-01
21.625782,6.515658251716e-01,4.283768496523e-01,6.644430979652e-01
21.687735,7.125547681561e-01,3.388985008026e-01,6.013368887622e-01
21.749687,7.711682261276e-01,2.598487357985e-01,5.368669467780e-01
21.811640,8.272845590687e-01,1.896065559981e-01,4.719681101998e-01
21.873592,8.809072423622e-01,1.268029442164e-01,4.074959544809e-01
21.935544,9.321480320114e-01,7.026364320607e-02,3.442127129262e-01
21.997497,9.811934519386e-01,1.898563912458e-02,2.827784234417e-01
22.059449,1.028259434350e+00,-2.786750421121e-02,2.237470794489e-01
22.121402,1.073541172172e+00,-7.096269174357e-02,1.675673154615e-01
22.183354,1.117166456455e+00,-1.107955308779e-01,1.145869737943e-01
22.245307,1.159160495913e+00,-1.476960335562e-01,6.506078332850e-02
22.307259,1.199428313887e+00,-1.818450390165e-01,1.916033240963e-02
22.369212,1.237757630127e+00,-2.133013805621e-01,-2.301447158008e-02
22.431164,1.273841402841e+00,-2.420370626199e-01,-6.142320531449e-02
22.493116,1.307315806854e+00,-2.679760334993e-01,-9.607265377050e-02
22.555069,1.337807050942e+00,-2.910317449859e-01,-1.270050096052e-01
22.617021,1.364979410304e+00,-3.111393452296e-01,-1.542870129474e-01
22.678974,1.388577113547e+00,-3.282795642467e-01,-1.780004896351e-01
22.740926,1.408453993662e+00,-3.424926451538e-01,-1.982350333614e-01
22.802879,1.424586751023e+00,-3.538817730825e-01,-2.150851270732e-01
22.864831,1.437070000917e+00,-3.626063198401e-01,-2.286635213100e-01
22.926783,1.446093779366e+00,-3.688659766588e-01,-2.392862915924e-01
22.988736,1.451906669687e+00,-3.728776379504e-01,-2.460002101129e-01
23.050688,1.454769946266e+00,-3.748477762781e-01,-2.489313811388e-01
23.112641,1.454909778053e+00,-3.749438911769e-01,-2.480199981831e-01
23.174593,1.452475206159e+00,-3.732691405168e-01,-2.434805763378e-01
23.236546,1.447508993768e+00,-3.698441444476e-01,-2.358940005621e-01
23.298498,1.439936466927e+00,-3.645989931195e-01,-2.250319870199e-01
23.360451,1.429574404189e+00,-3.573767812253e-01,-2.107923480061e-01
23.422403,1.416158510696e+00,-3.479479322947e-01,-1.930869369859e-01
23.484355,1.399384804606e+00,-3.360327154790e-01,-1.718328939701e-01
23.546308,1.378958021799e+00,-3.213281580281e-01,-1.469563733112e-01
23.608260,1.354639266759e+00,-3.035351958319e-01,-1.183999887592e-01
23.670213,1.326285591365e+00,-2.823822474307e-01,-8.613212786671e-02
23.732165,1.293875683831e+00,-2.576421210085e-01,-5.015748795815e-02
23.794118,1.257518006701e+00,-2.291399431285e-01,-1.052840603113e-02
23.856070,1.217440183595e+00,-1.967504450715e-01,3.264346458878e-02
23.918023,1.173960946878e+00,-1.603834566938e-01,7.917566554642e-02
23.979975,1.127448346356e+00,-1.199569796877e-01,1.288042668129e-01
24.041927,1.078270007864e+00,-7.535791316808e-02,1.811747402476e-01
24.103880,1.026742773520e+00,-2.639143659572e-02,2.358351418095e-01
24.165832,9.730897143378e-01,2.727899617749e-02,2.922323732713e-01
24.227785,9.174119263633e-01,8.619869563549e-02,3.497122385574e-01
24.289737,8.596805033147e-01,1.511944653710e-01,4.075238903440e-01
24.351690,7.997507708935e-01,2.234551349845e-01,4.648290792435e-01
24.413642,7.373968638108e-01,3.046290448716e-01,5.207163767551e-01
24.475594,6.723609476282e-01,3.969599567246e-01,5.742202563810e-01
24.537547,6.044087672467e-01,5.035045413316e-01,6.243446027079e-01
24.599499,5.333823281578e-01,6.285167964709e-01,6.700898982508e-01
24.661452,4.592414272279e-01,7.781792197798e-01,7.104830378381e-01
24.723404,3.820880142300e-01,9.621042905538e-01,7.446084665373e-01
24.785357,3.021703560147e-01,1.196764324575e+00,7.716391543126e-01
24.847309,2.198672940562e-01,1.514731118921e+00,7.908658293408e-01
24.909262,1.356578843767e-01,1.997619111256e+00,8.017229061844e-01
24.971214,5.012319162217e-02,2.993271451418e+00,8.038096701386e-01
25.033166,3.677435485045e-02,3.302954528611e+00,7.969055104750e-01
25.095119,1.236061528635e-01,2.090654946658e+00,7.809783183686e-01
25.157071,2.106896911856e-01,1.557368881127e+00,7.561855565151e-01
25.219024,2.977399718811e-01,1.211534747616e+00,7.228679366646e-01
25.280976,3.847327542237e-01,9.552063279988e-01,6.815360748433e-01
25.342929,4.718024235818e-01,7.511949730185e-01,6.328508981186e-01
25.404881,5.591990197260e-01,5.812498392694e-01,5.775989206936e-01
25.466834,6.472287955168e-01,4.350554202277e-01,5.166637660602e-01
25.528786,7.361827158606e-01,3.062769344598e-01,4.509954690047e-01
25.590738,8.262638784004e-01,1.908410898933e-01,3.815791389478e-01
25.652691,9.175261823069e-01,8.607416179645e-02,3.094045065817e-01
25.714643,1.009834845870e+00,-9.786799531777e-03,2.354377200874e-01
25.776596,1.102855355330e+00,-9.790259507199e-02,1.605965235835e-01
25.838548,1.196072341190e+00,-1.790431404799e-01,8.572966222802e-02
25.900501,1.288835052182e+00,-2.537387508208e-01,1.160104160195e-02
25.962453,1.380422470845e+00,-3.223895913361e-01,-6.112115016979e-02
26.024406,1.470119025993e+00,-3.853433682563e-01,-1.318704467996e-01
26.086358,1.557291155964e+00,-4.429478740622e-01,-2.001835806962e-01
26.148310,1.641455300988e+00,-4.955832276091e-01,-2.656979804033e-01
26.210263,1.722328934057e+00,-5.436774069607e-01,-3.281459770949e-01
26.272215,1.799857831064e+00,-5.877076795961e-01,-3.873464864966e-01
26.334168,1.874214962006e+00,-6.281898853520e-01,-4.431949528597e-01
26.396120,1.945769264998e+00,-6.656574083878e-01,-4.956523136044e-01
26.458073,2.015026176684e+00,-7.006321867208e-01,-5.447336800505e-01
26.520025,2.082545919064e+00,-7.335911452665e-01,-5.904973486869e-01
26.581977,2.148849596437e+00,-7.649326279786e-01,-6.330346850459e-01
26.643930,2.214326211527e+00,-7.949481642308e-01,-6.724614116644e-01
26.705882,2.279154754774e+00,-8.238046530804e-01,-7.089110346524e-01
26.767835,2.343253883563e+00,-8.515405124104e-01,-7.425321614412e-01
26.829787,2.406267459427e+00,-8.780767753089e-01,-7.734967780950e-01
26.891740,2.467588279843e+00,-9.032412691294e-01,-8.020771269446e-01
26.953692,2.526416208746e+00,-9.268017806426e-01,-8.281081313082e-01
27.015645,2.581842006651e+00,-9.485031006416e-01,-8.512198756729e-01
27.077597,2.632945274133e+00,-9.681030960720e-01,-8.718856220475e-01
27.139549,2.678893951870e+00,-9.854040051841e-01,-8.903114271978e-01
27.201502,2.719033141073e+00,-1.000276354643e+00,-9.066313849103e-01
27.263454,2.752952321297e+00,-1.012673907557e+00,-9.209435813841e-01
27.325407,2.780522775839e+00,-1.022638959246e+00,-9.333234372660e-01
27.387359,2.801901328658e+00,-1.030298233040e+00,-9.438302514720e-01
27.449312,2.817501126035e+00,-1.035850366944e+00,-9.525109136042e-01
27.511264,2.827933677690e+00,-1.039546296094e+00,-9.594021758442e-01
27.573217,2.833928717993e+00,-1.041663988868e+00,-9.645320822121e-01
27.635169,2.836240610376e+00,-1.042479446882e+00,-9.679208521065e-01
27.697121,2.835552217222e+00,-1.042236704180e+00,-9.695813828262e-01
27.759074,2.832388588053e+00,-1.041120380067e+00,-9.695194696863e-01
27.821026,2.827052479931e+00,-1.039234642717e+00,-9.677338037193e-01
27.882979,2.819591117780e+00,-1.036591881097e+00,-9.642157792498e-01
27.944931,2.809798973602e+00,-1.033112941499e+00,-9.589491188347e-01
28.006884,2.797255610930e+00,-1.028638797935e+00,-9.519092961968e-01
28.068836,2.781392096556e+00,-1.022951556884e+00,-9.430627035470e-01
28.130788,2.761575345343e+00,-1.015801294558e+00,-9.323654587260e-01
28.192741,2.737197777284e+00,-1.006934688421e+00,-9.197616591615e-01
28.254693,2.707759920914e+00,-9.961216959921e-01,-9.051807120443e-01
28.316646,2.672935646512e+00,-9.831773618620e-01,-8.885329567303e-01
28.378598,2.632612854766e+00,-9.679768342936e-01,-8.697016483415e-01
28.440551,2.586906010540e+00,-9.504625714809e-01,-8.485252838701e-01
28.502503,2.536140420541e+00,-9.306434063121e-01,-8.247417245021e-01
28.564456,2.480811345701e+00,-9.085856626009e-01,-7.973294446247e-01
28.626408,2.421523783314e+00,-8.843970049539e-01,-7.678851062764e-01
28.688360,2.358920936850e+00,-8.582042847513e-01,-7.357925596319e-01
28.750313,2.293610829441e+00,-8.301273576029e-01,-7.008123544111e-01
28.812265,2.226100942027e+00,-8.002515990971e-01,-6.627574758796e-01
28.874218,2.156749892479e+00,-7.686024095851e-01,-6.214578586141e-01
28.936170,2.085742884212e+00,-7.351250916528e-01,-5.767576897455e-01
28.998123,2.013094111290e+00,-6.996728978204e-01,-5.285200955337e-01
29.060075,1.938675057794e+00,-6.620047803674e-01,-4.766350357751e-01
29.122028,1.862263503866e+00,-6.217926859562e-01,-4.210291903985e-01
29.183980,1.783604921359e+00,-5.786365535558e-01,-3.616772228729e-01
29.245932,1.702476426977e+00,-5.320839134110e-01,-2.986138917797e-01
29.307885,1.618743733615e+00,-4.816503759499e-01,-2.319464231043e-01
29.369837,1.532403326345e+00,-4.268373051710e-01,-1.618664564166e-01
29.431790,1.443604831827e+00,-3.671433415414e-01,-8.866078100288e-02
29.493742,1.352651637165e+00,-3.020668423967e-01,-1.272000794202e-02
29.555695,1.259980757050e+00,-2.310964494576e-01,6.545570116048e-02
29.617647,1.166125449197e+00,-1.536866723616e-01,1.452546951386e-01
29.679599,1.071666005162e+00,-6.921445268714e-02,2.259564300494e-01
29.741552,9.771754476604e-01,2.308906408484e-02,3.067391764232e-01
29.803504,8.831674967288e-01,1.242404047153e-01,3.866931713387e-01
29.865457,7.900540264003e-01,2.356539467452e-01,4.648392501034e-01
29.927409,6.981181880324e-01,3.593668652923e-01,5.401526503042e-01
29.989362,6.075073431135e-01,4.983910147649e-01,6.115913199676e-01
30.051314,5.182470241452e-01,6.573032678753e-01,6.781277098741e-01
30.113267,4.302737104858e-01,8.433337344601e-01,7.387827184092e-01
30.175219,3.434809349337e-01,1.068623668325e+00,7.926602157105e-01
30.237171,2.577709252843e-01,1.355683971081e+00,8.389804284184e-01
30.299124,1.731033785411e-01,1.753866293356e+00,8.771104363402e-01
30.361076,8.953577741175e-02,2.413116974793e+00,9.065901279492e-01
30.423029,7.443533352544e-03,4.900409495552e+00,9.271521825661e-01
30.484981,7.359161110896e-02,2.609224225653e+00,9.387349825566e-01
30.546934,1.524124003912e-01,1.881165265082e+00,9.414877892717e-01
30.608886,2.288485415257e-01,1.474694880591e+00,9.357680169614e-01
30.670839,3.024036975097e-01,1.195992404230e+00,9.221309865287e-01
30.732791,3.725997485623e-01,9.872504929505e-01,9.013131293286e-01
30.794743,4.390141768825e-01,8.232235705684e-01,8.742102881913e-01
30.856696,5.013138998261e-01,6.905228255418e-01,8.418537578623e-01
30.918648,5.592776383227e-01,5.811092577094e-01,8.053889943134e-01
30.980601,6.128034637222e-01,4.897110066516e-01,7.660708360100e-01
31.042553,6.619002569854e-01,4.126404020924e-01,7.253617537539e-01
31.104506,7.066639693117e-01,3.472000155881e-01,6.843163569447e-01
31.166458,7.472418172367e-01,2.913664270427e-01,6.434610741075e-01
31.228411,7.837895938836e-01,2.436146685234e-01,6.040689597199e-01
31.290363,8.164287097893e-01,2.028156811130e-01,5.671726194716e-01
31.352315,8.452099620963e-01,1.681702054532e-01,5.336740200032e-01
31.414268,8.700901106697e-01,1.391584960653e-01,5.043490051480e-01
31.476220,8.909251830881e-01,1.154948235127e-01,4.798429831813e-01
31.538173,9.074814751217e-01,9.708212503851e-02,4.606667189646e-01
31.600125,9.194621388106e-01,8.396641054287e-02,4.471936327792e-01
31.662078,9.265447382809e-01,7.629294593801e-02,4.396585725212e-01
31.724030,9.284236609770e-01,7.426711807228e-02,4.381577141883e-01
31.785982,9.248509285690e-01,7.812271167968e-02,4.426492597765e-01
31.847935,9.156696057694e-01,8.809967067259e-02,4.529547402850e-01
31.909887,9.008353587833e-01,1.044327686113e-01,4.687609143212e-01
31.971840,8.804234611173e-01,1.273522803013e-01,4.896224267909e-01
32.033792,8.546204474749e-01,1.570978285194e-01,5.149655004656e-01
32.095745,8.237015245164e-01,1.939470410075e-01,5.440928749616e-01
32.157697,7.879966544030e-01,2.382614335457e-01,5.761896856665e-01
32.219650,7.478498160125e-01,2.905531005615e-01,6.103276373592e-01
32.281602,7.035771439854e-01,3.515777496119e-01,6.454504422544e-01
32.343554,6.554302046395e-01,4.224634564442e-01,6.799399193053e-01
32.405507,6.035703310546e-01,5.048927049622e-01,7.144484558481e-01
32.467459,5.480585424171e-01,6.013731666870e-01,7.470622646842e-01
32.529412,4.888631786091e-01,7.156726249579e-01,7.764907487465e-01
32.591364,4.258843643729e-01,8.535874123466e-01,8.015941499973e-01
32.653317,3.589914199150e-01,1.024456787952e+00,8.213413226758e-01
32.715269,2.880670908540e-01,1.244561868150e+00,8.348196214107e-01
32.777222,2.130516456622e-01,1.546220670072e+00,8.412547406197e-01
32.839174,1.339817470089e-01,2.010051697197e+00,8.400313278235e-01
32.901126,5.104484744981e-02,2.975050651318e+00,8.307106365020e-01
32.963079,3.584148761415e-02,3.328649156745e+00,8.130431296590e-01
33.025031,1.256418244618e-01,2.074320075113e+00,7.869747624841e-01
33.086984,2.183118575640e-01,1.521830694574e+00,7.526462700695e-01
33.148936,3.132480912945e-01,1.160759775266e+00,7.103853126638e-01
33.210889,4.099032997964e-01,8.918339988173e-01,6.606918138834e-01
33.272841,5.077675822764e-01,6.777314493301e-01,6.042172566848e-01
33.334793,6.064035969956e-01,5.002095113015e-01,5.417390572431e-01
33.396746,7.054750731428e-01,3.488838390819e-01,4.741313982676e-01
33.458698,8.047614567308e-01,2.172093712770e-01,4.023340568226e-01
33.520651,9.041554911226e-01,1.007539288207e-01,3.273208021264e-01
33.582603,1.003643110638e+00,-3.636491580183e-03,2.500688701627e-01
33.644556,1.103267761364e+00,-9.827646907320e-02,1.715308570365e-01
33.706508,1.203083951033e+00,-1.848882201216e-01,9.261013166795e-02
33.768461,1.303106962792e+00,-2.647513851744e-01,1.414057514443e-02
33.830413,1.403266714964e+00,-3.388028870903e-01,-6.312886451704e-02
33.892365,1.503373368643e+00,-4.077114961836e-01,-1.385446312137e-01
33.954318,1.603100480747e+00,-4.719395552229e-01,-2.115541559059e-01
34.016270,1.701988646979e+00,-5.317973603163e-01,-2.817069617313e-01
34.078223,1.799469297928e+00,-5.874917875013e-01,-3.486518481413e-01
34.140175,1.894905256584e+00,-6.391688412868e-01,-4.121308563535e-01
34.202128,1.987642332482e+00,-6.869491793125e-01,-4.719707889345e-01
34.264080,2.077064863452e+00,-7.309557742822e-01,-5.280730690315e-01
34.326033,2.162647743167e+00,-7.713332784920e-01,-5.804026891295e-01
34.387985,2.243997981474e+00,-8.082590885842e-01,-6.289769288196e-01
34.449937,2.320880088595e+00,-8.419464627070e-01,-6.738544341806e-01
34.511890,2.393221425386e+00,-8.726403355214e-01,-7.151251752655e-01
34.573842,2.461096009803e+00,-9.006067835706e-01,-7.529017860870e-01
34.635795,2.524687977331e+00,-9.261174821532e-01,-7.873129925027e-01
34.697747,2.584238735697e+00,-9.494309720152e-01,-8.185008351523e-01
34.759700,2.639984478640e+00,-9.707730382166e-01,-8.466285846954e-01
34.821652,2.692092665292e+00,-9.903188340326e-01,-8.719549356938e-01
34.883605,2.740606850175e+00,-1.008179374408e+00,-8.943280412794e-01
34.945557,2.785408525213e+00,-1.024394550669e+00,-9.133290598239e-01
35.007509,2.826202373244e+00,-1.038933893250e+00,-9.294238856028e-01
35.069462,2.862527875656e+00,-1.051705107403e+00,-9.427986478772e-01
35.131414,2.893796224245e+00,-1.062569212892e+00,-9.535624327929e-01
35.193367,2.919347740065e+00,-1.071360214980e+00,-9.617830765005e-01
35.255319,2.938522165652e+00,-1.077906790568e+00,-9.674995809026e-01
35.317272,2.950732649897e+00,-1.082053495753e+00,-9.707272310394e-01
35.379224,2.955534036991e+00,-1.083679358046e+00,-9.714592062703e-01
35.441176,2.952677004967e+00,-1.082712218509e+00,-9.696656098274e-01
35.503129,2.942141370002e+00,-1.079137673711e+00,-9.652894343130e-01
35.565081,2.924144190909e+00,-1.073001853910e+00,-9.582368525671e-01
35.627034,2.899120967173e+00,-1.064407576621e+00,-9.483516295826e-01
35.688986,2.867681092699e+00,-1.053503721889e+00,-9.353079600075e-01
35.750939,2.830541692445e+00,-1.040468104450e+00,-9.189113674199e-01
35.812891,2.788446849347e+00,-1.025484756363e+00,-8.998861501453e-01
35.874844,2.742081706821e+00,-1.008717379318e+00,-8.778573123151e-01
35.936796,2.691992541334e+00,-9.902816414718e-01,-8.526460288290e-01
35.998748,2.638524102074e+00,-9.702197089644e-01,-8.241020003380e-01
36.060701,2.581783865942e+00,-9.484805813073e-01,-7.920884315654e-01
36.122653,2.521639214732e+00,-9.249091724849e-01,-7.564832961230e-01
36.184606,2.457748289265e+00,-8.992456016142e-01,-7.171855163399e-01
36.246558,2.389619510976e+00,-8.711341532596e-01,-6.741236293372e-01
36.308511,2.316690218913e+00,-8.401395377259e-01,-6.272660607229e-01
36.370463,2.238413039899e+00,-8.057671509034e-01,-5.766324477063e-01
36.432416,2.154339370064e+00,-7.674841202068e-01,-5.223054717688e-01
36.494368,2.064191046748e+00,-7.247384052293e-01,-4.644425913291e-01
36.556320,1.967912832382e+00,-6.769735056682e-01,-4.032869762815e-01
36.618273,1.865700195923e+00,-6.236364233450e-01,-3.391768707766e-01
36.680225,1.757999659363e+00,-5.641766060678e-01,-2.725525682713e-01
36.742178,1.645482250818e+00,-4.980335034529e-01,-2.039601884932e-01
36.804130,1.528993557748e+00,-4.246097142162e-01,-1.340515101344e-01
36.866083,1.409486117742e+00,-3.432251831676e-01,-6.357924172549e-02
36.928035,1.287941468431e+00,-2.530451836613e-01,6.612693392827e-03
36.989987,1.165290235821e+00,-1.529701863087e-01,7.560402967077e-02
37.051940,1.042339167153e+00,-4.146738763638e-02,1.424180621911e-01
37.113892,9.197138286307e-01,8.369271207583e-02,2.060461252695e-01
37.175845,7.978245041098e-01,2.258666241267e-01,2.654758604368e-01
37.237797,6.768604101340e-01,3.902902147238e-01,3.197221773583e-01
37.299750,5.568137019015e-01,5.855245601686e-01,3.678595503994e-01
37.361702,4.375303543174e-01,8.266091920088e-01,4.090541074295e-01
37.423655,3.187809689868e-01,1.143251026486e+00,4.425938769628e-01
37.485607,2.003437970516e-01,1.607720397949e+00,4.679155786684e-01
37.547559,8.212645565866e-02,2.499495065243e+00,4.846264754591e-01
37.609512,3.665082854563e-02,3.306319216646e+00,4.925200476328e-01
37.671464,1.542716352048e-01,1.869040358903e+00,4.915845857533e-01
37.733417,2.715458223197e-01,1.303624375508e+00,4.820042051206e-01
37.795369,3.877278497814e-01,9.474516009777e-01,4.641522300484e-01
37.857322,5.021611792191e-01,6.888341346907e-01,4.385773461312e-01
37.919274,6.141203834428e-01,4.875643041856e-01,4.059833381370e-01
37.981227,7.228603443367e-01,3.245392354581e-01,3.672035878921e-01
38.043179,8.276742830088e-01,1.891355787908e-01,3.231717743783e-01
38.105131,9.279465343521e-01,7.478116062274e-02,2.748903795176e-01
38.167084,1.023193212910e+00,-2.292833903794e-02,2.233986500911e-01
38.229036,1.113086228364e+00,-1.071365440134e-01,1.697416016509e-01
38.290989,1.197458147062e+00,-1.802011002655e-01,1.149414866117e-01
38.352941,1.276287602981e+00,-2.439555544941e-01,5.997290633915e-02
38.414894,1.349667312308e+00,-2.998581274938e-01,5.742451957990e-03
38.476846,1.417759046732e+00,-3.490774896459e-01,-4.692655995546e-02
38.538798,1.480741851219e+00,-3.925432136909e-01,-9.730400173255e-02
38.600751,1.538760963936e+00,-4.309775243633e-01,-1.447575156338e-01
38.662703,1.591884965714e+00,-4.649188277222e-01,-1.887519745454e-01
38.724656,1.640077495981e+00,-4.947434949762e-01,-2.288441045866e-01
38.786608,1.683187553712e+00,-5.206893497076e-01,-2.646723834094e-01
38.848561,1.720959384592e+00,-5.428819176438e-01,-2.959415912523e-01
38.910513,1.753059851379e+00,-5.613627481850e-01,-3.223987638859e-01
38.972466,1.779118601175e+00,-5.761180743507e-01,-3.437850089402e-01
39.034418,1.798774709478e+00,-5.871057167083e-01,-3.596193084555e-01
39.096370,1.811722957661e+00,-5.942783033603e-01,-3.703633990241e-01
39.158323,1.817753402732e+00,-5.976013450438e-01,-3.762318975870e-01
39.220275,1.816779186269e+00,-5.970652560354e-01,-3.770658633968e-01
39.282228,1.808849316734e+00,-5.926909070534e-01,-3.728208652905e-01
39.344180,1.794145186265e+00,-5.845286897183e-01,-3.634905369968e-01
39.406133,1.772961642648e+00,-5.726513932698e-01,-3.491048387595e-01
39.468085,1.745675361146e+00,-5.571415077968e-01,-3.297909284576e-01
39.530038,1.712704888410e+00,-5.380739274488e-01,-3.054949581225e-01
39.591990,1.674467884841e+00,-5.154954347112e-01,-2.755026914539e-01
39.653942,1.631341584048e+00,-4.894027346036e-01,-2.403613566383e-01
39.715895,1.583632158690e+00,-4.597210440064e-01,-2.003251592752e-01
39.777847,1.531557469046e+00,-4.262851719188e-01,-1.556344398285e-01
39.839800,1.475245677541e+00,-3.888245376444e-01,-1.065684153893e-01
39.901752,1.414749735792e+00,-3.469526509946e-01,-5.347022105140e-02
39.963705,1.350075237310e+00,-3.001603229789e-01,3.237338101944e-03
40.025657,1.281217063924e+00,-2.478104581493e-01,6.304156789035e-02
40.087610,1.208199022433e+00,-1.891308404392e-01,1.253344353770e-01
40.149562,1.131110448996e+00,-1.231998493028e-01,1.894119525952e-01
40.211514,1.050134497523e+00,-4.891824979777e-02,2.544786573738e-01
40.273467,9.655642879316e-01,3.504259317642e-02,3.196574004702e-01
40.335419,8.778049495327e-01,1.303308620393e-01,3.840044610157e-01
40.397372,7.873615435126e-01,2.390677402318e-01,4.465297476022e-01
40.459324,6.948146458567e-01,3.641101641571e-01,5.062215370055e-01
40.521277,6.007868615757e-01,5.095150453231e-01,5.620748887679e-01
40.583229,5.059046326412e-01,6.814070985224e-01,6.131225827133e-01
40.645181,4.107603476722e-01,8.897453278059e-01,6.584671875230e-01
40.707134,3.158799691202e-01,1.152392978945e+00,6.973127080690e-01
40.769086,2.217014795809e-01,1.506423484074e+00,7.289941981621e-01
40.831039,1.285727012714e-01,2.051260758207e+00,7.530037772855e-01
40.892991,3.687702382969e-02,3.300166555194e+00,7.690116597855e-01
40.954944,5.404209577949e-02,2.917991966134e+00,7.768810897473e-01
41.016896,1.428296386870e-01,1.946102689781e+00,7.766764655422e-01
41.078849,2.300404269430e-01,1.469500211840e+00,7.686644274940e-01
41.140801,3.154558703730e-01,1.153736475649e+00,7.533082831404e-01
41.202753,3.988581570337e-01,9.191494189449e-01,7.312569462094e-01
41.264706,4.799503437707e-01,7.340726288257e-01,7.033309417749e-01
41.326658,5.583433499775e-01,5.827811815028e-01,6.705116788790e-01
41.388611,6.335623303513e-01,4.563968920306e-01,6.339571719147e-01
41.450563,7.050677031505e-01,3.494614465249e-01,5.953086790559e-01
41.512516,7.722869938976e-01,2.583990429924e-01,5.547165412130e-01
41.574468,8.346527936640e-01,1.807394553799e-01,5.133771776863e-01
41.636421,8.916416529587e-01,1.146909603486e-01,4.725104821665e-01
41.698373,9.428088415260e-01,5.889172895903e-02,4.332115348481e-01
41.760325,9.878145422177e-01,1.226030814771e-02,3.964803111492e-01
41.822278,1.026438115671e+00,-2.609466990283e-02,3.632118601126e-01
41.884230,1.058578482753e+00,-5.692695504466e-02,3.341828911426e-01
41.946183,1.084240339172e+00,-8.087959446813e-02,3.100398320659e-01
42.008135,1.103507732898e+00,-9.849395520694e-02,2.912893460928e-01
42.070088,1.116508334628e+00,-1.102062581258e-01,2.782913375832e-01
42.132040,1.123373273928e+00,-1.163360113794e-01,2.712542129288e-01
42.193992,1.124198402219e+00,-1.170702512142e-01,2.702321378058e-01
42.255945,1.119012991421e+00,-1.124470400050e-01,2.751241168165e-01
42.317897,1.107761010093e+00,-1.023408711007e-01,2.856748586569e-01
42.379850,1.090298277081e+00,-8.645130842122e-02,3.014775390739e-01
42.441802,1.066406271153e+00,-6.429437147931e-02,3.219786972016e-01
42.503755,1.035820669226e+00,-3.519403061690e-02,3.464855543534e-01
42.565707,9.982703473618e-01,1.731149212696e-03,3.741759552057e-01
42.627660,9.535210477480e-01,4.759377893830e-02,4.041107059302e-01
42.689612,9.014174017418e-01,1.037868625643e-01,4.352465307487e-01
42.751564,8.419174656935e-01,1.720732900982e-01,4.664401920529e-01
42.813517,7.751151544069e-01,2.547436730450e-01,4.963461284774e-01
42.875469,7.012476557612e-01,3.548941636678e-01,5.244202783068e-01
42.937422,6.206868086579e-01,4.769286565408e-01,5.496256061701e-01
42.999374,5.339153245591e-01,6.275180189636e-01,5.705841101154e-01
43.061327,4.414905084670e-01,8.175987552801e-01,5.861797202782e-01
43.123279,3.439997484884e-01,1.067114349840e+00,5.954599244392e-01
43.185232,2.420137195266e-01,1.418760858042e+00,5.976360129437e-01
43.247184,1.360480041369e-01,1.994747476581e+00,5.920969547225e-01
43.309136,2.669941696636e-02,3.623113512826e+00,5.784234852000e-01
43.371089,8.655835760033e-02,2.446936426629e+00,5.563980014728e-01
43.433041,2.025315745749e-01,1.596859475826e+00,5.260082844006e-01
43.494994,3.216238264171e-01,1.134372654195e+00,4.874441616732e-01
43.556946,4.438162032057e-01,8.123447567444e-01,4.410869463311e-01
43.618899,5.691320178560e-01,5.636428526889e-01,3.874920544679e-01
43.680851,6.975583766755e-01,3.601690731968e-01,3.273656727210e-01
43.742804,8.289884738357e-01,1.875490264336e-01,2.615367116109e-01
43.804756,9.631761786601e-01,3.751893515271e-02,1.909255347597e-01
43.866708,1.099708290194e+00,-9.504495481152e-02,1.165110883495e-01
43.928661,1.237998310147e+00,-2.134958100826e-01,3.929806879882e-02
43.990613,1.377302600546e+00,-3.201269498129e-01,-3.971433286212e-02
44.052566,1.516756812719e+00,-4.165743801452e-01,-1.195607680855e-01
44.114518,1.655428043156e+00,-5.040596123404e-01,-1.993340787708e-01
44.176471,1.792376508336e+00,-5.835423981400e-01,-2.782049044947e-01
44.238423,1.926719653932e+00,-6.558188961981e-01,-3.554361358699e-01
44.300375,2.057691447035e+00,-7.215846981032e-01,-4.303921317131e-01
44.362328,2.184690055632e+00,-7.814739679744e-01,-5.025429172364e-01
44.424280,2.307308145638e+00,-8.360815405529e-01,-5.714638303487e-01
44.486233,2.425341609056e+00,-8.859723845945e-01,-6.368312713297e-01
44.548185,2.538774668134e+00,-9.316815509046e-01,-6.984153323001e-01
44.610138,2.647741915353e+00,-9.737071697119e-01,-7.560701381904e-01
44.672090,2.752470764368e+00,-1.012498968439e+00,-8.097227270944e-01
44.734043,2.853210659373e+00,-1.048444907701e+00,-8.593612465154e-01
44.795995,2.950157733374e+00,-1.081858638201e+00,-9.050231587829e-01
44.857947,3.043384885400e+00,-1.112970345467e+00,-9.467840550179e-01
44.919900,3.132787046023e+00,-1.141923038713e+00,-9.847476061603e-01
44.981852,3.218049596494e+00,-1.168775460973e+00,-1.019037206069e+00
45.043805,3.298644767320e+00,-1.193511707855e+00,-1.049790220494e+00
45.105757,3.373856965794e+00,-1.216056590455e+00,-1.077157490828e+00
45.167710,3.442834069131e+00,-1.236294989797e+00,-1.101321080412e+00
45.229662,3.504658288765e+00,-1.254093023513e+00,-1.122712049641e+00
45.291615,3.558427526989e+00,-1.269318741662e+00,-1.140404108720e+00
45.353567,3.603336562182e+00,-1.281860239333e+00,-1.154762032575e+00
45.415519,3.638747663687e+00,-1.291639574288e+00,-1.166089307679e+00
45.477472,3.664242786140e+00,-1.298621707482e+00,-1.174536532817e+00
45.539424,3.679653209513e+00,-1.302818511467e+00,-1.180195575475e+00
45.601377,3.685065378531e+00,-1.304288267555e+00,-1.183123281481e+00
45.663329,3.680803182506e+00,-1.303130984754e+00,-1.183350643051e+00
45.725282,3.667388165379e+00,-1.299479737422e+00,-1.180886669453e+00
45.787234,3.645481111225e+00,-1.293488349130e+00,-1.175719431525e+00
45.849186,3.615810858715e+00,-1.285316134667e+00,-1.167814855436e+00
45.911139,3.579098274474e+00,-1.275110890327e+00,-1.157112728331e+00
45.973091,3.535984452552e+00,-1.262991748146e+00,-1.143517510386e+00
46.035044,3.486972094111e+00,-1.249033765112e+00,-1.126874946371e+00
46.096996,3.432387563790e+00,-1.233256102053e+00,-1.106880809948e+00
46.158949,3.372368437046e+00,-1.215615298123e+00,-1.083129452052e+00
46.220901,3.306877818212e+00,-1.196004487207e+00,-1.056578716927e+00
46.282854,3.235742917547e+00,-1.174258551834e+00,-1.026779551688e+00
46.344806,3.158712017107e+00,-1.150164355305e+00,-9.935405482500e-01
46.406758,3.075521626858e+00,-1.123474521948e+00,-9.567015565378e-01
46.468711,2.985964676805e+00,-1.093922869779e+00,-9.161154160744e-01
46.530663,2.889951030816e+00,-1.061239557973e+00,-8.716482851558e-01
46.592616,2.787553191549e+00,-1.025164219133e+00,-8.231852261493e-01
46.654568,2.679032388635e+00,-9.854556806854e-01,-7.706383395297e-01
46.716521,2.564842879182e+00,-9.418972214568e-01,-7.139565206430e-01
46.778473,2.445614890599e+00,-8.942965807151e-01,-6.531362882998e-01
46.840426,2.322118961323e+00,-8.424801146607e-01,-5.882331709063e-01
46.902378,2.195216341570e+00,-7.862806032056e-01,-5.193730723480e-01
46.964330,2.065801514070e+00,-7.255182939961e-01,-4.467629505410e-01
47.026283,1.934743705167e+00,-6.599748661158e-01,-3.707000594533e-01
47.088235,1.802834388514e+00,-5.893600872649e-01,-2.915789508368e-01
47.150188,1.670747143454e+00,-5.132709182676e-01,-2.098954200555e-01
47.212140,1.539014767296e+00,-4.311424508445e-01,-1.262466223512e-01
47.274093,1.408026314780e+00,-3.421889477457e-01,-4.132668802659e-02
47.336045,1.278043977757e+00,-2.453307675360e-01,4.408267255571e-02
47.397997,1.149236831579e+00,-1.390980982353e-01,1.291268685188e-01
47.459950,1.021725982521e+00,-2.149333794556e-02,2.128984783319e-01
47.521902,8.956340497215e-01,1.102233749696e-01,2.944624475446e-01
47.583855,7.711315244142e-01,2.598963292879e-01,3.728860485630e-01
47.645807,6.484734075100e-01,4.331342806770e-01,4.472732402201e-01
47.707760,5.280213983459e-01,6.386184670330e-01,5.168037009050e-01
47.769712,4.102494068425e-01,8.909899924193e-01,5.807796528837e-01
47.831665,2.957330550105e-01,1.218298069361e+00,6.386984010440e-01
47.893617,1.851284748403e-01,1.686705230931e+00,6.905585461250e-01
47.955569,7.917817832053e-02,2.536054531752e+00,7.352615256656e-01
48.017522,2.243676316560e-02,3.797054408119e+00,7.726329553921e-01
48.079474,1.168213532851e-01,2.147109397516e+00,8.028757234010e-01
48.141427,2.052389431344e-01,1.583580397463e+00,8.263080896948e-01
48.203379,2.868246364137e-01,1.248884269435e+00,8.430481627234e-01
48.265332,3.612566582598e-01,1.018166605788e+00,8.540743864217e-01
48.327284,4.283647931472e-01,8.477801236473e-01,8.601520276006e-01
48.389237,4.881038334692e-01,7.172271202108e-01,8.621530937397e-01
48.451189,5.405259325452e-01,6.152126623968e-01,8.610180755587e-01
48.513141,5.857451484249e-01,5.348704825933e-01,8.577143103101e-01
48.575094,6.238977383653e-01,4.717688032646e-01,8.531929744646e-01
48.637046,6.551037122125e-01,4.229617150990e-01,8.483467952987e-01
48.698999,6.794353785104e-01,3.864931499716e-01,8.439705404371e-01
48.760951,6.968976828419e-01,3.611166740589e-01,8.407262081693e-01
48.822904,7.074232692188e-01,3.461261073336e-01,8.391146098690e-01
48.884856,7.108827718397e-01,3.412477392287e-01,8.394547231804e-01
48.946809,7.071083790777e-01,3.465713291090e-01,8.418718172336e-01
49.008761,6.959267071234e-01,3.625109286131e-01,8.462949267742e-01
49.070713,6.771958241044e-01,3.897947936796e-01,8.524637993193e-01
49.132666,6.508409921879e-01,4.294899167028e-01,8.599449773616e-01
49.194618,6.168842473087e-01,4.830738767144e-01,8.681562257965e-01
49.256571,5.754640850496e-01,5.525784575466e-01,8.763980931312e-01
49.318523,5.268430031265e-01,6.408526797066e-01,8.838910237155e-01
49.380476,4.714022365211e-01,7.520435419467e-01,8.898161365840e-01
49.442428,4.096245440354e-01,8.925142826493e-01,8.933575715020e-01
49.504380,3.420672562960e-01,1.072747902494e+00,8.937441859671e-01
49.566333,2.693289046432e-01,1.311821948708e+00,8.902883679012e-01
49.628285,1.920135846780e-01,1.650189150718e+00,8.824197789089e-01
49.690238,1.106980259674e-01,2.200949262666e+00,8.697118494556e-01
49.752190,2.591976120449e-02,3.652749581750e+00,8.518983621780e-01
49.814143,6.195576510718e-02,2.781334598448e+00,8.288741157252e-01
49.876095,1.524467194570e-01,1.880940118032e+00,8.006449191639e-01
49.938048,2.453031525552e-01,1.405260471888e+00,7.674080611311e-01
50.000000,3.402637278565e-01,1.078034288943e+00,7.306306392561e-01
